Date,Delhi,Mumbai,Chennai,Kolkata,Hyderabad
2020-01-01,17.7,25.9,26.9,24.95,26.7
2020-01-02,19.45,26.65,27.3,25.6,26.65
2020-01-03,18.95,26.45,28.7,21.2,27.25
2020-01-04,18.9,25.85,28.75,22.9,26.7
2020-01-05,19.75,29.65,27.6,22.0,25.45
2020-01-06,17.05,30.6,26.85,22.3,25.9
2020-01-07,17.75,27.95,27.9,22.8,27.2
2020-01-08,15.3,27.35,27.75,23.95,28.85
2020-01-09,15.95,27.6,27.45,22.85,27.7
2020-01-10,16.6,30.75,27.85,23.15,26.45
2020-01-11,16.85,32.05,27.6,21.25,26.9
2020-01-12,19.7,30.05,26.8,22.3,27.55
2020-01-13,20.6,27.65,27.55,22.4,28.65
2020-01-14,18.25,26.75,27.2,24.0,28.8
2020-01-15,18.6,25.3,27.85,25.95,27.65
2020-01-16,15.8,24.2,28.0,26.95,27.85
2020-01-17,17.85,24.45,27.45,27.75,27.9
2020-01-18,17.2,27.8,27.75,27.8,28.45
2020-01-19,17.55,29.05,28.45,27.55,28.8
2020-01-20,17.5,30.75,28.45,22.15,28.15
2020-01-21,18.2,29.2,28.35,24.15,28.65
2020-01-22,18.75,30.65,28.3,25.3,28.65
2020-01-23,17.8,31.75,28.25,24.65,28.45
2020-01-24,19.2,31.75,28.15,24.3,29.25
2020-01-25,18.2,30.55,28.0,23.9,29.4
2020-01-26,20.2,30.35,28.1,24.55,30.35
2020-01-27,19.95,27.95,28.35,24.5,30.85
2020-01-28,19.3,26.45,28.95,26.45,30.4
2020-01-29,18.5,24.65,29.05,24.65,30.6
2020-01-30,18.15,27.5,29.2,22.8,29.8
2020-01-31,17.5,26.1,29.0,24.5,29.4
2020-02-01,18.3,28.15,29.3,24.65,29.2
2020-02-02,18.05,29.3,29.0,23.9,28.45
2020-02-03,18.75,27.0,28.6,23.85,29.3
2020-02-04,19.6,27.95,28.7,24.65,30.1
2020-02-05,19.0,29.25,29.0,25.4,29.2
2020-02-06,17.5,27.2,28.95,26.35,30.75
2020-02-07,18.3,26.7,29.0,24.05,29.35
2020-02-08,19.1,29.4,29.15,21.0,27.15
2020-02-09,19.8,30.9,28.3,25.65,21.55
2020-02-10,20.05,31.8,29.15,25.35,24.95
2020-02-11,20.6,33.2,28.95,26.05,26.1
2020-02-12,23.8,34.55,29.15,26.55,26.9
2020-02-13,26.55,34.1,29.7,26.85,29.35
2020-02-14,23.95,33.05,30.55,29.4,29.85
2020-02-15,24.7,31.05,29.8,29.2,30.95
2020-02-16,24.95,31.4,28.65,29.65,30.55
2020-02-17,25.45,33.65,29.05,29.55,30.7
2020-02-18,25.4,34.3,29.05,29.35,30.3
2020-02-19,25.15,31.85,28.95,30.7,30.55
2020-02-20,26.3,30.75,29.45,30.2,30.05
2020-02-21,18.85,30.5,29.95,30.5,29.45
2020-02-22,21.5,32.2,29.8,30.8,30.15
2020-02-23,23.2,32.9,29.45,30.95,29.95
2020-02-24,23.5,31.2,29.8,27.4,31.4
2020-02-25,24.35,34.3,30.15,22.4,30.95
2020-02-26,24.95,34.55,30.0,26.5,29.55
2020-02-27,25.4,35.55,29.95,26.95,29.85
2020-02-28,25.55,32.15,29.7,27.9,30.15
2020-02-29,21.85,31.35,29.6,29.5,29.55
2020-03-01,24.85,29.65,29.7,31.1,30.6
2020-03-02,25.4,29.05,29.45,31.2,29.9
2020-03-03,26.0,28.45,30.95,30.45,30.9
2020-03-04,24.9,28.05,30.9,29.85,33.0
2020-03-05,24.45,28.15,30.45,30.65,31.6
2020-03-06,21.3,28.35,29.95,28.15,31.7
2020-03-07,20.35,27.8,29.55,26.65,31.2
2020-03-08,22.7,28.05,29.8,29.55,30.05
2020-03-09,23.55,28.45,30.35,29.7,30.25
2020-03-10,23.65,28.05,30.5,30.75,31.85
2020-03-11,23.85,28.0,30.15,32.45,31.5
2020-03-12,25.65,27.2,31.0,32.6,31.45
2020-03-13,24.65,28.55,30.7,34.0,32.6
2020-03-14,20.65,31.75,30.85,33.95,33.25
2020-03-15,21.25,33.95,30.7,32.25,31.7
2020-03-16,23.9,35.65,31.2,32.0,32.1
2020-03-17,25.6,34.05,31.35,32.05,33.4
2020-03-18,27.1,32.9,31.5,33.85,33.45
2020-03-19,27.35,31.35,32.25,33.65,32.8
2020-03-20,28.95,29.35,31.55,32.95,33.0
2020-03-21,28.35,29.3,31.7,35.9,31.2
2020-03-22,28.6,30.15,31.5,28.3,32.4
2020-03-23,29.15,32.9,31.3,31.4,31.75
2020-03-24,30.15,32.45,31.15,32.25,32.5
2020-03-25,30.3,31.95,31.35,33.0,32.6
2020-03-26,29.65,31.85,31.6,36.45,32.95
2020-03-27,25.2,33.15,31.75,37.95,34.35
2020-03-28,27.25,34.1,32.1,38.25,34.65
2020-03-29,28.2,34.4,32.35,37.15,34.95
2020-03-30,28.8,33.05,31.45,36.85,34.35
2020-03-31,30.1,32.1,32.0,37.4,34.9
2020-04-01,31.1,32.05,32.7,38.55,33.9
2020-04-02,29.5,34.5,33.05,38.3,34.0
2020-04-03,29.35,32.4,32.35,36.85,34.85
2020-04-04,31.0,32.25,32.1,37.35,34.1
2020-04-05,31.6,32.25,32.25,36.7,35.0
2020-04-06,33.4,30.9,32.75,38.2,33.9
2020-04-07,32.8,30.9,32.4,39.5,34.95
2020-04-08,31.5,31.1,33.15,38.3,35.6
2020-04-09,31.45,31.3,32.05,37.65,34.3
2020-04-10,34.0,31.8,32.6,37.7,34.45
2020-04-11,35.1,33.35,32.1,35.4,34.7
2020-04-12,34.9,33.25,32.3,34.85,35.3
2020-04-13,36.95,33.15,32.3,36.6,35.9
2020-04-14,37.9,34.4,32.35,37.05,35.75
2020-04-15,37.55,34.45,32.4,35.35,36.05
2020-04-16,37.75,32.3,32.8,34.95,35.4
2020-04-17,34.65,32.1,33.15,36.4,35.65
2020-04-18,35.5,33.35,32.8,35.6,35.9
2020-04-19,33.9,33.95,32.8,35.9,35.55
2020-04-20,33.85,36.7,33.0,33.15,36.25
2020-04-21,32.2,33.4,32.8,33.75,35.9
2020-04-22,34.05,32.3,33.35,28.35,35.4
2020-04-23,35.5,33.0,33.45,30.7,37.55
2020-04-24,35.4,33.1,33.55,28.4,35.3
2020-04-25,33.7,32.7,34.55,32.1,36.3
2020-04-26,31.75,32.3,33.6,29.45,34.85
2020-04-27,30.4,32.05,32.9,29.5,35.0
2020-04-28,32.25,33.5,32.75,28.0,34.6
2020-04-29,34.65,33.35,34.2,29.9,33.3
2020-04-30,36.1,32.5,33.05,29.75,35.8
2020-05-01,38.4,32.55,34.0,30.2,36.85
2020-05-02,36.55,32.8,33.7,31.1,35.85
2020-05-03,34.65,32.8,33.75,30.8,37.3
2020-05-04,32.9,32.5,33.5,31.8,37.2
2020-05-05,34.4,32.95,33.6,32.2,36.8
2020-05-06,35.2,33.95,33.4,31.75,36.7
2020-05-07,35.8,32.7,33.75,32.65,36.4
2020-05-08,38.1,32.75,33.9,33.7,35.55
2020-05-09,39.5,32.6,33.75,34.7,36.45
2020-05-10,36.3,33.4,33.5,34.55,36.25
2020-05-11,35.75,34.1,33.4,33.75,35.0
2020-05-12,35.45,33.15,31.15,34.3,35.8
2020-05-13,35.5,33.1,33.3,34.2,35.9
2020-05-14,36.75,33.25,33.3,34.1,36.4
2020-05-15,38.2,33.25,33.9,34.4,36.25
2020-05-16,38.05,32.6,35.45,35.25,36.05
2020-05-17,38.7,32.85,34.9,36.25,36.65
2020-05-18,38.7,32.55,38.7,35.05,36.25
2020-05-19,38.6,32.5,41.95,32.4,36.95
2020-05-20,37.7,32.6,41.6,28.15,38.25
2020-05-21,40.15,32.75,38.85,29.3,39.3
2020-05-22,42.1,32.8,38.15,33.05,38.8
2020-05-23,41.7,33.2,35.35,33.05,39.3
2020-05-24,42.25,32.85,34.25,33.0,39.0
2020-05-25,43.15,32.9,34.05,32.8,38.15
2020-05-26,44.15,32.85,33.9,31.5,38.1
2020-05-27,43.65,32.95,34.65,32.2,38.25
2020-05-28,38.15,32.85,35.45,32.05,39.65
2020-05-29,35.05,33.55,35.75,30.6,38.5
2020-05-30,32.7,33.55,33.5,32.6,36.8
2020-05-31,32.6,34.6,33.85,31.95,34.95
2020-06-01,33.25,31.2,34.95,32.6,32.8
2020-06-02,34.35,30.1,34.55,33.3,33.7
2020-06-03,35.8,28.5,35.75,32.55,31.9
2020-06-04,34.4,29.05,35.8,32.95,31.75
2020-06-05,34.4,29.75,36.3,31.8,33.65
2020-06-06,34.4,28.95,36.5,33.15,34.05
2020-06-07,36.15,28.85,36.8,33.2,34.65
2020-06-08,35.5,28.5,37.1,32.7,35.5
2020-06-09,37.85,29.05,36.85,33.4,35.4
2020-06-10,38.4,29.9,33.55,31.75,31.85
2020-06-11,37.6,28.95,34.9,30.45,26.75
2020-06-12,38.45,28.8,36.3,29.75,26.15
2020-06-13,38.45,28.45,36.1,31.05,30.25
2020-06-14,38.45,29.75,36.9,31.25,31.35
2020-06-15,40.05,29.65,38.4,31.6,30.5
2020-06-16,39.2,28.4,37.1,31.2,29.15
2020-06-17,39.85,28.7,36.85,29.1,28.45
2020-06-18,41.15,28.2,36.7,32.35,29.15
2020-06-19,40.3,28.85,37.2,30.85,29.95
2020-06-20,39.15,28.95,36.95,31.75,31.45
2020-06-21,38.6,28.4,36.7,32.2,26.75
2020-06-22,36.5,28.65,36.25,31.4,28.35
2020-06-23,35.1,29.05,33.45,32.15,32.05
2020-06-24,33.05,29.3,32.55,32.8,31.5
2020-06-25,37.1,30.0,30.75,33.3,32.25
2020-06-26,36.4,29.55,31.25,33.2,32.4
2020-06-27,38.3,29.9,32.75,31.05,32.25
2020-06-28,38.85,30.15,32.35,32.45,31.35
2020-06-29,39.7,28.15,31.35,30.35,31.3
2020-06-30,36.35,28.3,31.7,31.15,30.55
2020-07-01,38.15,28.6,32.8,33.1,31.35
2020-07-02,40.55,29.4,31.1,33.55,29.95
2020-07-03,41.2,29.4,32.65,33.4,31.3
2020-07-04,37.7,27.4,31.65,32.0,26.55
2020-07-05,34.6,28.15,32.35,31.2,24.5
2020-07-06,34.65,28.85,33.45,31.35,25.6
2020-07-07,32.9,28.05,34.6,32.2,30.45
2020-07-08,32.75,28.2,31.9,32.0,30.5
2020-07-09,33.55,28.0,31.3,32.7,27.75
2020-07-10,37.75,28.4,32.3,32.45,26.8
2020-07-11,36.35,27.85,30.1,30.1,29.8
2020-07-12,35.5,27.95,33.6,31.45,30.15
2020-07-13,36.2,27.9,32.0,31.4,28.6
2020-07-14,38.55,28.35,31.8,31.25,28.4
2020-07-15,36.4,27.3,32.45,30.35,25.35
2020-07-16,33.6,27.45,31.75,32.0,26.7
2020-07-17,34.85,28.0,32.65,32.05,29.45
2020-07-18,35.8,28.0,32.0,32.0,30.5
2020-07-19,34.55,28.8,30.45,32.7,30.35
2020-07-20,33.3,28.1,30.6,31.45,28.45
2020-07-21,32.35,28.65,30.7,31.3,30.65
2020-07-22,30.25,29.2,31.4,29.3,31.3
2020-07-23,32.75,28.85,31.8,30.4,26.75
2020-07-24,32.35,27.8,31.65,29.55,30.15
2020-07-25,32.25,28.3,31.9,32.1,27.1
2020-07-26,34.05,28.65,32.1,33.15,30.85
2020-07-27,34.3,28.55,32.55,34.55,30.7
2020-07-28,35.45,28.4,33.3,31.5,30.95
2020-07-29,33.85,28.7,31.15,32.05,31.0
2020-07-30,31.9,28.0,32.4,32.9,30.6
2020-07-31,33.1,28.8,32.2,32.55,31.05
2020-08-01,32.8,29.2,32.55,33.4,31.5
2020-08-02,35.15,29.6,32.65,33.2,31.0
2020-08-03,35.9,27.95,31.2,32.5,29.05
2020-08-04,36.9,27.25,31.5,31.75,24.85
2020-08-05,33.7,26.85,29.5,30.2,27.2
2020-08-06,34.8,28.15,33.0,30.9,28.65
2020-08-07,33.55,28.4,34.15,32.3,29.75
2020-08-08,34.5,28.9,33.35,31.85,29.15
2020-08-09,33.3,28.5,30.3,31.3,29.0
2020-08-10,31.1,27.05,32.25,32.6,26.35
2020-08-11,31.75,26.9,33.95,32.9,28.35
2020-08-12,33.8,27.6,32.5,32.4,26.45
2020-08-13,27.5,27.4,32.65,32.6,24.0
2020-08-14,30.85,26.3,31.85,32.5,24.15
2020-08-15,32.3,26.8,32.15,31.6,23.5
2020-08-16,31.9,27.25,31.75,31.3,24.25
2020-08-17,32.75,26.45,31.9,30.45,27.2
2020-08-18,32.25,26.7,33.3,31.4,26.85
2020-08-19,29.1,28.3,33.4,29.55,24.9
2020-08-20,29.1,27.4,31.5,28.8,23.75
2020-08-21,32.2,27.2,32.5,28.75,26.05
2020-08-22,32.6,27.5,31.95,30.5,29.1
2020-08-23,31.35,27.85,32.5,30.6,29.1
2020-08-24,30.55,28.65,31.15,31.6,29.3
2020-08-25,31.8,28.6,30.35,32.1,29.85
2020-08-26,32.15,28.85,32.0,29.4,29.45
2020-08-27,31.45,27.35,32.85,28.4,26.5
2020-08-28,33.0,26.85,32.75,32.15,28.4
2020-08-29,32.5,25.95,31.6,32.85,29.25
2020-08-30,30.4,26.5,31.3,33.35,29.75
2020-08-31,31.5,27.25,32.5,33.5,30.8
2020-09-01,32.35,27.9,31.7,29.9,30.35
2020-09-02,32.35,29.05,30.1,30.6,29.8
2020-09-03,31.5,29.7,30.4,31.1,29.55
2020-09-04,32.3,30.9,29.7,32.0,30.35
2020-09-05,33.05,30.3,30.5,32.2,31.1
2020-09-06,31.25,30.2,30.5,32.4,30.95
2020-09-07,32.1,28.75,31.15,32.1,30.95
2020-09-08,32.9,29.25,32.3,32.65,31.1
2020-09-09,34.05,29.8,30.9,30.9,30.85
2020-09-10,34.3,29.05,30.35,31.75,30.6
2020-09-11,34.85,28.65,31.15,31.3,30.0
2020-09-12,34.65,28.75,29.1,31.55,29.5
2020-09-13,33.6,28.1,27.55,32.15,28.3
2020-09-14,33.65,28.2,30.2,31.25,26.4
2020-09-15,35.2,28.2,31.15,30.95,28.75
2020-09-16,36.3,28.1,32.15,32.15,27.95
2020-09-17,36.6,27.85,32.4,32.85,29.3
2020-09-18,37.3,27.65,31.85,33.0,29.95
2020-09-19,36.2,28.95,27.85,33.3,28.8
2020-09-20,36.0,28.95,30.15,30.55,29.6
2020-09-21,35.6,29.7,29.75,29.85,27.65
2020-09-22,33.45,28.75,32.8,31.15,28.95
2020-09-23,32.7,26.7,33.25,30.4,28.7
2020-09-24,35.35,28.7,33.4,30.9,28.9
2020-09-25,36.6,28.05,31.25,30.3,28.9
2020-09-26,34.55,29.15,31.8,30.8,25.4
2020-09-27,34.7,27.7,31.95,32.35,27.45
2020-09-28,34.75,27.95,32.3,32.1,29.25
2020-09-29,34.45,28.6,33.2,31.8,29.15
2020-09-30,34.5,28.7,29.85,31.35,28.85
2020-10-01,35.15,28.95,31.5,30.15,28.15
2020-10-02,34.65,29.6,32.8,30.95,30.3
2020-10-03,33.7,29.25,33.55,31.5,31.45
2020-10-04,33.5,27.8,33.55,31.05,30.5
2020-10-05,34.0,28.35,33.9,30.1,30.15
2020-10-06,34.1,30.25,33.45,31.2,31.35
2020-10-07,34.45,30.3,33.75,30.4,28.4
2020-10-08,34.0,30.9,32.65,31.6,28.8
2020-10-09,33.5,31.8,31.25,32.45,29.45
2020-10-10,33.65,30.45,28.65,33.2,29.45
2020-10-11,33.65,29.4,29.8,32.9,26.45
2020-10-12,33.15,30.25,31.05,32.8,26.4
2020-10-13,34.0,30.55,31.75,32.85,24.05
2020-10-14,33.1,29.6,32.9,32.55,27.7
2020-10-15,33.5,30.9,32.35,31.95,28.05
2020-10-16,32.9,30.4,32.1,32.5,29.4
2020-10-17,33.2,29.9,30.45,32.8,28.9
2020-10-18,33.2,28.9,29.25,32.75,29.25
2020-10-19,32.35,29.05,30.55,31.9,29.35
2020-10-20,32.95,30.0,28.35,32.8,28.05
2020-10-21,33.4,30.5,30.35,30.85,27.75
2020-10-22,32.5,29.4,31.9,28.05,30.05
2020-10-23,32.45,30.05,31.8,28.8,30.35
2020-10-24,32.4,28.4,32.1,30.2,30.55
2020-10-25,32.85,29.2,31.0,31.4,29.45
2020-10-26,32.2,30.95,30.8,31.25,29.45
2020-10-27,30.75,31.1,29.0,30.55,28.55
2020-10-28,30.2,31.55,28.0,30.2,29.2
2020-10-29,30.2,30.15,27.0,30.95,28.95
2020-10-30,30.05,31.2,30.35,31.65,28.4
2020-10-31,30.1,30.75,30.95,31.0,29.45
2020-11-01,29.0,30.65,30.8,29.7,29.75
2020-11-02,29.4,32.0,30.75,30.7,30.45
2020-11-03,29.65,33.1,30.4,31.05,30.1
2020-11-04,29.0,32.65,28.75,29.95,29.75
2020-11-05,30.1,33.0,29.8,30.15,29.7
2020-11-06,30.25,32.75,28.75,29.7,29.25
2020-11-07,29.5,33.1,28.6,29.05,30.0
2020-11-08,29.2,33.7,29.75,29.0,29.45
2020-11-09,28.65,32.3,29.4,29.6,28.15
2020-11-10,27.7,32.35,29.05,30.35,27.65
2020-11-11,27.7,31.95,27.8,31.55,28.85
2020-11-12,27.25,31.9,27.9,31.15,27.9
2020-11-13,27.15,32.5,28.55,31.25,29.1
2020-11-14,27.85,33.4,29.85,31.6,29.95
2020-11-15,29.0,32.25,27.0,31.2,29.6
2020-11-16,25.1,33.1,26.05,31.35,28.05
2020-11-17,24.1,33.85,28.7,31.1,29.9
2020-11-18,23.8,30.75,28.3,30.75,29.85
2020-11-19,23.2,32.2,29.3,30.15,29.5
2020-11-20,23.55,31.05,29.2,30.9,30.35
2020-11-21,22.6,30.95,28.4,27.75,30.05
2020-11-22,22.6,30.9,28.45,27.65,28.65
2020-11-23,23.1,30.6,29.15,26.65,29.05
2020-11-24,23.0,31.0,26.55,27.25,28.6
2020-11-25,22.1,30.95,26.35,27.9,28.2
2020-11-26,22.45,31.35,28.0,28.45,26.1
2020-11-27,24.1,33.0,28.1,26.25,20.1
2020-11-28,23.8,32.3,28.05,28.4,24.9
2020-11-29,23.35,31.6,27.65,28.2,26.55
2020-11-30,23.95,31.95,28.65,28.25,27.55
2020-12-01,24.45,33.05,28.75,28.1,27.1
2020-12-02,25.6,32.75,27.55,28.65,27.75
2020-12-03,25.45,32.45,25.35,28.3,28.0
2020-12-04,26.75,32.4,25.35,28.05,28.05
2020-12-05,26.45,32.75,26.7,28.4,27.7
2020-12-06,26.7,32.85,26.8,28.6,27.55
2020-12-07,25.95,33.35,26.4,29.2,28.0
2020-12-08,25.55,33.0,28.55,28.55,27.65
2020-12-09,26.0,32.65,28.35,27.15,27.6
2020-12-10,26.25,30.95,28.0,27.0,27.75
2020-12-11,25.4,28.0,27.95,26.55,28.45
2020-12-12,22.9,30.4,27.85,26.05,28.2
2020-12-13,20.95,28.85,27.65,26.9,27.9
2020-12-14,19.8,27.35,27.9,26.8,28.35
2020-12-15,18.45,29.25,27.95,26.95,27.45
2020-12-16,18.8,29.25,28.15,27.3,27.65
2020-12-17,16.4,30.2,28.0,26.35,28.35
2020-12-18,17.9,30.8,28.05,24.4,27.9
2020-12-19,19.7,31.9,28.1,22.7,27.3
2020-12-20,20.85,31.0,27.6,22.7,27.0
2020-12-21,19.6,31.15,26.95,23.45,26.7
2020-12-22,21.0,30.9,26.85,24.3,26.25
2020-12-23,21.2,29.4,26.9,24.95,26.4
2020-12-24,21.75,30.95,27.15,25.45,26.65
2020-12-25,20.85,32.45,27.3,25.5,26.05
2020-12-26,20.1,31.5,27.5,24.6,26.65
2020-12-27,21.95,30.0,28.05,24.3,27.35
2020-12-28,17.75,28.25,27.65,24.9,28.1
2020-12-29,16.5,27.5,28.2,25.55,27.9
2020-12-30,16.55,28.7,26.35,25.8,27.3
2020-12-31,17.05,31.95,27.8,25.65,26.4
2021-01-01,18.05,31.65,26.95,25.15,26.7
2021-01-02,18.45,28.9,25.45,25.2,26.1
2021-01-03,20.95,28.3,26.95,26.15,26.2
2021-01-04,22.3,27.95,26.7,27.55,26.25
2021-01-05,21.8,28.4,25.95,28.55,27.1
2021-01-06,21.8,29.1,26.9,29.3,24.7
2021-01-07,19.45,29.4,27.2,30.45,24.0
2021-01-08,19.05,28.85,27.85,29.75,28.75
2021-01-09,20.0,30.25,28.0,29.25,27.55
2021-01-10,17.7,30.95,28.0,29.95,28.35
2021-01-11,17.85,31.3,28.05,29.55,29.35
2021-01-12,18.2,32.7,28.1,27.45,29.4
2021-01-13,18.55,32.15,27.9,24.1,28.6
2021-01-14,18.8,30.45,27.2,24.85,28.3
2021-01-15,19.45,28.3,28.1,25.15,27.95
2021-01-16,17.1,28.35,27.65,24.4,28.35
2021-01-17,18.95,28.15,27.25,24.7,28.1
2021-01-18,18.15,28.75,27.8,24.8,27.35
2021-01-19,20.95,29.85,27.95,27.4,28.0
2021-01-20,20.05,30.4,27.9,28.05,29.2
2021-01-21,20.45,28.75,28.25,26.65,29.7
2021-01-22,21.2,29.65,28.5,26.05,29.2
2021-01-23,21.0,30.6,28.2,25.55,29.35
2021-01-24,19.15,29.4,28.1,26.95,29.25
2021-01-25,18.25,28.95,28.05,25.9,29.7
2021-01-26,18.3,28.0,27.9,26.25,29.55
2021-01-27,18.8,27.1,27.55,24.5,29.2
2021-01-28,18.1,27.55,28.15,24.65,28.55
2021-01-29,18.65,28.2,28.45,25.75,28.85
2021-01-30,19.05,30.0,28.4,23.1,27.95
2021-01-31,20.5,30.9,28.55,23.6,27.45
2021-02-01,22.55,32.6,28.55,23.25,26.9
2021-02-02,23.45,32.9,28.2,24.85,27.9
2021-02-03,23.85,31.25,27.9,25.7,27.95
2021-02-04,21.55,30.2,28.2,26.85,27.5
2021-02-05,19.7,29.85,27.85,27.6,28.05
2021-02-06,20.05,31.35,28.0,28.15,28.55
2021-02-07,21.25,32.8,28.7,26.4,27.6
2021-02-08,22.4,32.7,28.25,27.0,27.35
2021-02-09,24.05,32.7,28.4,27.8,28.4
2021-02-10,25.3,30.9,28.0,27.95,29.05
2021-02-11,24.0,32.15,28.2,29.45,29.8
2021-02-12,24.55,30.3,28.15,29.95,29.25
2021-02-13,24.1,30.3,28.55,29.55,29.4
2021-02-14,25.6,30.15,28.35,30.15,29.95
2021-02-15,27.0,28.6,28.6,30.2,30.8
2021-02-16,26.9,27.75,28.9,31.05,31.1
2021-02-17,25.65,28.75,28.35,30.65,30.8
2021-02-18,25.55,31.35,28.7,29.85,28.85
2021-02-19,25.5,31.95,27.95,30.15,27.15
2021-02-20,25.85,32.35,27.1,27.5,28.0
2021-02-21,25.9,33.95,26.45,30.25,27.25
2021-02-22,27.4,33.1,28.45,30.9,30.35
2021-02-23,29.55,31.7,28.85,31.4,31.2
2021-02-24,30.1,33.05,28.95,31.75,31.75
2021-02-25,30.25,33.05,28.9,33.25,32.65
2021-02-26,30.85,30.3,30.3,34.8,33.15
2021-02-27,30.35,31.2,30.5,34.7,33.5
2021-02-28,29.85,34.3,29.45,35.7,33.95
2021-03-01,27.5,35.1,30.35,35.3,33.9
2021-03-02,27.55,34.4,30.5,33.1,33.7
2021-03-03,29.35,36.25,29.4,32.55,33.7
2021-03-04,31.4,36.35,28.7,33.2,33.4
2021-03-05,30.1,36.6,29.8,35.05,33.95
2021-03-06,30.6,31.4,29.65,35.45,34.3
2021-03-07,33.15,32.85,30.35,34.35,34.35
2021-03-08,31.1,32.3,29.7,34.9,34.2
2021-03-09,32.2,34.85,30.35,36.35,33.85
2021-03-10,31.0,32.65,30.4,35.55,34.3
2021-03-11,32.6,30.95,30.4,33.25,34.45
2021-03-12,30.5,32.65,29.55,33.45,33.95
2021-03-13,30.3,35.7,30.15,32.05,33.2
2021-03-14,30.1,34.6,31.35,32.2,33.55
2021-03-15,31.65,34.6,31.6,33.45,34.2
2021-03-16,32.25,33.75,30.9,35.0,34.65
2021-03-17,32.9,34.7,30.5,35.65,35.25
2021-03-18,33.1,32.45,30.6,35.85,34.7
2021-03-19,32.3,32.15,30.35,36.1,35.1
2021-03-20,32.55,31.15,30.65,36.35,34.25
2021-03-21,33.7,31.95,31.2,36.5,35.0
2021-03-22,33.25,33.75,30.8,36.35,35.2
2021-03-23,32.3,33.85,30.65,36.7,34.6
2021-03-24,31.15,35.55,31.25,36.8,34.9
2021-03-25,30.55,38.25,31.6,36.9,35.4
2021-03-26,30.85,36.55,32.0,35.75,36.5
2021-03-27,32.85,38.6,32.4,36.4,36.85
2021-03-28,35.4,33.65,32.0,36.45,36.45
2021-03-29,37.7,32.45,32.85,37.4,37.5
2021-03-30,36.7,31.35,35.5,40.2,38.05
2021-03-31,34.2,30.85,35.45,40.8,38.15
2021-04-01,33.65,31.6,35.95,38.35,37.55
2021-04-02,33.15,30.95,37.7,36.55,37.05
2021-04-03,33.8,30.35,35.95,36.4,38.15
2021-04-04,35.1,30.95,33.15,34.75,36.65
2021-04-05,38.0,31.7,32.7,36.2,36.0
2021-04-06,37.65,33.9,32.4,35.5,37.6
2021-04-07,35.55,33.35,32.0,34.4,35.8
2021-04-08,34.0,31.5,32.25,34.15,36.3
2021-04-09,35.25,32.0,32.15,31.25,35.5
2021-04-10,36.15,32.3,31.7,34.25,34.95
2021-04-11,37.3,34.1,31.45,37.7,35.4
2021-04-12,37.95,33.35,32.0,34.0,34.9
2021-04-13,37.85,36.1,31.9,37.1,34.55
2021-04-14,38.75,35.35,31.65,39.2,31.65
2021-04-15,38.75,33.95,30.45,36.3,33.25
2021-04-16,38.75,32.05,32.35,35.85,34.95
2021-04-17,34.2,32.35,32.55,35.45,35.15
2021-04-18,35.3,34.25,33.25,35.2,35.2
2021-04-19,37.1,32.6,33.8,37.0,35.3
2021-04-20,33.9,32.05,33.5,37.6,34.9
2021-04-21,31.9,31.95,33.45,36.9,35.9
2021-04-22,32.95,32.85,32.8,33.4,34.55
2021-04-23,34.3,33.3,33.35,35.45,35.05
2021-04-24,33.6,32.2,33.05,37.3,35.5
2021-04-25,36.65,33.6,32.95,38.9,36.05
2021-04-26,38.75,33.4,32.6,38.7,35.1
2021-04-27,41.0,33.65,32.55,38.05,36.05
2021-04-28,41.5,34.2,33.65,38.0,36.3
2021-04-29,40.7,34.05,33.65,37.0,36.35
2021-04-30,39.7,32.4,32.5,35.6,36.2
2021-05-01,39.4,34.2,32.55,35.05,36.4
2021-05-02,38.9,33.6,32.5,34.85,34.85
2021-05-03,36.95,34.3,32.35,34.9,34.35
2021-05-04,40.0,33.6,32.6,30.1,34.6
2021-05-05,38.6,33.35,32.75,29.45,35.4
2021-05-06,38.65,32.8,33.2,33.1,34.75
2021-05-07,36.2,32.9,32.1,33.15,34.5
2021-05-08,37.4,33.3,31.9,33.1,35.25
2021-05-09,37.9,32.9,32.45,34.15,35.25
2021-05-10,36.2,33.15,33.3,32.9,35.05
2021-05-11,38.4,32.65,34.85,31.25,35.65
2021-05-12,35.4,32.45,33.5,32.7,36.95
2021-05-13,31.65,32.0,33.85,31.05,35.55
2021-05-14,36.5,33.15,33.15,33.95,35.15
2021-05-15,35.7,35.25,34.1,36.05,34.15
2021-05-16,38.6,36.2,34.3,35.75,32.85
2021-05-17,37.3,27.45,34.0,38.0,33.8
2021-05-18,29.85,28.6,33.1,38.45,33.85
2021-05-19,24.3,29.15,34.15,36.5,34.75
2021-05-20,29.25,30.65,34.15,36.5,34.0
2021-05-21,31.6,30.7,35.95,36.2,35.45
2021-05-22,33.4,30.5,33.35,36.55,35.55
2021-05-23,33.85,30.8,35.7,35.75,36.25
2021-05-24,35.15,30.85,37.7,32.8,36.65
2021-05-25,37.05,30.9,38.4,31.05,36.7
2021-05-26,37.3,31.0,39.7,29.9,37.0
2021-05-27,37.7,31.5,38.5,32.4,35.45
2021-05-28,36.7,31.05,36.8,33.7,34.4
2021-05-29,37.1,30.85,36.3,32.9,36.45
2021-05-30,36.0,30.7,37.6,32.35,35.85
2021-05-31,36.75,30.3,37.5,32.1,35.75
2021-06-01,34.3,30.45,36.0,35.3,35.4
2021-06-02,34.75,29.8,34.3,33.5,32.9
2021-06-03,35.25,30.8,33.9,32.8,30.8
2021-06-04,36.0,31.05,31.75,34.8,31.8
2021-06-05,36.3,29.15,31.95,36.1,32.25
2021-06-06,37.5,29.4,32.8,35.6,32.05
2021-06-07,39.1,29.2,35.8,36.35,32.0
2021-06-08,40.85,28.4,34.35,34.75,33.15
2021-06-09,41.4,28.25,37.6,32.8,31.0
2021-06-10,38.1,28.05,37.0,31.2,31.4
2021-06-11,37.3,28.25,37.2,31.3,29.05
2021-06-12,37.75,28.65,38.35,31.4,32.5
2021-06-13,36.65,28.9,37.1,31.05,32.0
2021-06-14,36.45,28.95,35.75,30.8,30.9
2021-06-15,36.8,28.2,36.5,29.85,31.5
2021-06-16,35.3,27.25,38.6,28.4,28.4
2021-06-17,34.85,27.3,37.55,27.25,29.05
2021-06-18,33.7,27.3,37.0,27.5,29.2
2021-06-19,33.3,26.85,37.5,28.9,29.0
2021-06-20,33.3,28.85,37.55,28.9,31.65
2021-06-21,36.05,29.15,36.6,29.8,32.4
2021-06-22,39.15,28.6,35.0,30.95,33.35
2021-06-23,40.15,28.15,35.65,30.4,32.4
2021-06-24,38.5,27.45,31.65,31.55,28.9
2021-06-25,39.7,26.7,33.6,32.0,29.85
2021-06-26,37.75,29.35,33.9,31.9,32.0
2021-06-27,38.55,28.5,31.65,31.45,28.2
2021-06-28,39.9,27.4,32.45,32.05,31.55
2021-06-29,42.25,29.2,32.0,32.65,32.9
2021-06-30,43.25,28.85,33.4,33.35,33.75
2021-07-01,41.75,29.75,33.05,33.4,31.55
2021-07-02,41.2,29.9,32.8,32.2,28.4
2021-07-03,39.0,29.55,32.5,32.85,32.1
2021-07-04,40.25,29.1,32.9,32.05,32.45
2021-07-05,39.35,29.1,33.9,31.4,32.35
2021-07-06,39.9,29.65,32.9,31.9,31.9
2021-07-07,41.35,29.6,32.7,32.65,32.15
2021-07-08,40.3,29.1,33.35,30.25,26.1
2021-07-09,38.5,29.1,33.75,30.9,28.75
2021-07-10,38.05,26.8,32.1,31.95,29.25
2021-07-11,36.4,28.8,33.9,32.8,29.15
2021-07-12,33.95,28.3,32.1,31.5,28.7
2021-07-13,34.05,28.1,33.25,31.2,28.25
2021-07-14,33.45,27.3,32.35,31.3,27.15
2021-07-15,34.65,28.05,32.85,32.6,27.7
2021-07-16,34.65,28.4,32.2,32.5,29.75
2021-07-17,36.8,27.6,31.8,31.75,30.1
2021-07-18,34.35,28.2,31.2,33.65,30.25
2021-07-19,27.0,27.4,33.45,33.1,28.15
2021-07-20,30.6,27.45,34.2,29.5,29.3
2021-07-21,32.6,27.2,32.0,32.25,24.2
2021-07-22,30.5,27.25,32.35,31.8,24.7
2021-07-23,31.6,26.75,33.4,29.7,25.75
2021-07-24,33.85,27.75,35.05,30.9,29.35
2021-07-25,34.3,28.3,34.75,31.35,29.9
2021-07-26,30.7,28.45,35.0,32.6,29.95
2021-07-27,31.35,28.05,35.65,31.6,29.45
2021-07-28,28.95,28.3,35.75,29.9,29.05
2021-07-29,29.8,28.75,35.85,29.3,28.7
2021-07-30,30.3,28.15,36.3,29.45,28.95
2021-07-31,31.6,28.6,36.15,31.15,29.6
2021-08-01,32.1,28.2,35.85,32.1,28.45
2021-08-02,30.1,28.05,35.35,31.4,29.8
2021-08-03,31.85,27.2,35.3,30.3,29.45
2021-08-04,32.15,27.35,37.25,30.95,29.65
2021-08-05,32.85,28.35,36.15,31.4,29.15
2021-08-06,33.3,28.15,35.95,32.6,29.8
2021-08-07,31.65,28.1,34.35,30.75,31.35
2021-08-08,31.4,27.85,33.4,30.8,30.25
2021-08-09,30.7,28.1,34.0,31.7,31.3
2021-08-10,34.45,27.75,34.3,32.6,31.25
2021-08-11,34.7,27.95,34.15,33.05,31.65
2021-08-12,34.5,28.05,32.8,31.8,29.95
2021-08-13,35.05,27.9,32.3,32.55,29.55
2021-08-14,34.85,27.05,33.55,33.0,31.3
2021-08-15,34.75,27.15,32.9,32.75,30.35
2021-08-16,35.05,27.6,33.0,30.95,27.05
2021-08-17,35.4,26.6,32.75,29.25,24.4
2021-08-18,35.25,26.3,33.45,28.75,27.85
2021-08-19,34.15,25.7,33.4,28.9,29.3
2021-08-20,29.25,27.1,31.9,29.1,28.25
2021-08-21,29.0,25.75,30.2,30.55,27.95
2021-08-22,31.1,27.4,30.6,32.7,29.95
2021-08-23,31.6,28.45,30.8,33.0,30.8
2021-08-24,32.0,28.4,32.05,32.85,30.7
2021-08-25,34.25,27.85,33.45,32.45,29.95
2021-08-26,33.75,27.8,32.3,31.75,29.65
2021-08-27,33.95,28.0,32.65,30.8,29.45
2021-08-28,33.4,27.8,29.7,31.45,27.35
2021-08-29,32.3,28.2,29.45,30.7,28.75
2021-08-30,30.8,27.1,32.4,29.95,26.55
2021-08-31,30.95,26.65,31.45,31.3,28.0
2021-09-01,29.8,27.35,30.4,32.3,28.7
2021-09-02,31.7,27.9,30.65,32.25,29.45
2021-09-03,30.85,27.2,30.35,31.85,28.1
2021-09-04,30.6,27.75,29.2,32.8,28.15
2021-09-05,31.8,27.2,31.05,32.75,28.4
2021-09-06,32.15,27.9,30.05,30.8,25.75
2021-09-07,30.5,27.15,32.45,28.95,24.5
2021-09-08,30.65,27.65,32.9,30.5,28.6
2021-09-09,30.9,28.35,33.85,30.45,29.4
2021-09-10,30.05,27.8,33.15,32.95,29.0
2021-09-11,28.65,27.55,33.0,31.45,28.0
2021-09-12,29.15,27.55,33.6,30.75,29.65
2021-09-13,31.45,26.85,35.1,29.35,29.0
2021-09-14,31.15,28.4,34.4,28.3,28.5
2021-09-15,32.15,27.65,33.65,29.25,28.8
2021-09-16,32.65,28.55,32.0,30.7,28.8
2021-09-17,29.1,28.35,32.25,31.6,29.5
2021-09-18,30.8,27.3,32.25,29.25,28.6
2021-09-19,31.6,27.15,31.3,27.1,28.95
2021-09-20,32.05,27.55,32.25,26.8,28.95
2021-09-21,31.15,27.2,33.5,26.9,26.65
2021-09-22,29.8,26.8,32.3,29.15,27.7
2021-09-23,29.4,27.25,32.4,30.05,27.1
2021-09-24,30.65,28.55,31.3,32.65,28.7
2021-09-25,30.75,28.1,32.85,31.35,28.6
2021-09-26,30.45,28.1,31.0,31.9,28.15
2021-09-27,31.9,26.65,33.65,30.1,24.25
2021-09-28,32.0,26.45,32.7,28.75,27.8
2021-09-29,31.45,27.75,31.75,28.1,28.85
2021-09-30,31.5,27.75,30.3,30.75,28.9
2021-10-01,32.2,28.95,30.5,31.7,29.9
2021-10-02,33.0,28.7,29.45,32.3,29.5
2021-10-03,33.4,30.35,30.05,31.25,29.45
2021-10-04,32.8,30.55,30.2,31.25,30.2
2021-10-05,32.15,30.8,27.4,30.35,29.85
2021-10-06,32.35,31.3,31.05,31.15,29.2
2021-10-07,32.4,31.85,30.55,31.45,29.9
2021-10-08,33.15,29.2,31.2,31.85,29.85
2021-10-09,34.1,28.5,31.55,32.05,29.3
2021-10-10,34.85,29.15,31.1,31.8,29.4
2021-10-11,34.65,29.2,30.75,32.45,30.5
2021-10-12,34.5,30.1,32.45,32.95,30.05
2021-10-13,32.75,30.9,31.6,31.7,30.7
2021-10-14,31.95,31.85,32.6,31.35,31.3
2021-10-15,33.1,32.9,32.55,33.55,30.75
2021-10-16,33.45,31.5,31.5,30.45,28.0
2021-10-17,30.95,30.5,31.35,30.3,29.5
2021-10-18,23.7,30.05,32.0,25.55,30.85
2021-10-19,28.9,29.2,32.65,25.65,31.55
2021-10-20,30.75,29.65,31.85,29.1,31.5
2021-10-21,29.6,31.2,30.45,30.6,30.85
2021-10-22,30.25,32.1,30.95,31.35,30.85
2021-10-23,29.65,30.95,30.55,31.25,31.25
2021-10-24,27.3,29.45,29.55,30.4,30.9
2021-10-25,27.3,30.3,30.2,29.6,30.3
2021-10-26,26.65,32.0,29.9,29.9,29.8
2021-10-27,27.25,33.1,30.35,29.9,29.7
2021-10-28,27.35,33.6,28.6,29.25,29.85
2021-10-29,28.3,33.3,28.0,30.2,30.9
2021-10-30,28.35,33.05,29.35,30.25,30.4
2021-10-31,28.9,32.45,29.9,29.8,31.3
2021-11-01,28.85,32.1,27.3,29.85,29.7
2021-11-02,27.8,33.15,27.55,29.2,29.15
2021-11-03,28.55,33.7,27.3,29.25,28.4
2021-11-04,27.6,32.35,26.75,28.75,29.15
2021-11-05,27.35,32.25,27.75,28.3,29.25
2021-11-06,28.4,31.25,28.0,28.15,29.7
2021-11-07,28.35,29.2,25.7,28.4,29.1
2021-11-08,28.7,31.65,28.35,28.8,28.95
2021-11-09,28.15,32.4,27.35,29.0,29.1
2021-11-10,28.75,32.15,25.0,29.15,29.85
2021-11-11,28.25,32.55,27.3,29.5,26.3
2021-11-12,27.95,31.95,28.6,30.05,26.25
2021-11-13,27.0,32.65,29.35,25.3,28.4
2021-11-14,26.25,32.45,29.25,26.6,29.4
2021-11-15,25.8,32.5,27.7,25.3,29.75
2021-11-16,25.25,33.5,29.0,27.8,27.2
2021-11-17,24.65,32.15,28.45,27.4,28.6
2021-11-18,24.55,30.05,26.6,27.65,26.25
2021-11-19,24.8,31.4,28.5,28.45,25.0
2021-11-20,25.1,32.45,28.3,29.05,27.75
2021-11-21,25.85,32.75,29.2,29.5,27.25
2021-11-22,26.0,28.7,28.35,29.9,29.95
2021-11-23,25.6,30.45,29.7,29.9,29.75
2021-11-24,26.0,31.7,29.7,29.1,30.15
2021-11-25,25.1,32.6,28.55,28.75,30.15
2021-11-26,25.2,32.45,26.6,28.0,29.8
2021-11-27,25.2,32.6,26.4,27.4,28.8
2021-11-28,25.05,32.2,26.45,27.2,28.95
2021-11-29,24.85,32.5,27.45,27.3,25.75
2021-11-30,24.8,32.5,26.95,27.3,28.65
2021-12-01,21.85,24.7,28.75,27.6,29.0
2021-12-02,19.7,24.75,28.9,28.0,28.75
2021-12-03,22.6,27.0,29.45,28.65,29.25
2021-12-04,23.95,27.6,30.1,22.8,30.9
2021-12-05,24.3,26.7,30.45,21.6,30.9
2021-12-06,23.2,29.0,29.5,22.35,30.5
2021-12-07,22.8,30.1,29.5,26.7,30.0
2021-12-08,22.1,30.95,29.25,27.4,29.45
2021-12-09,22.0,29.9,28.8,27.0,28.95
2021-12-10,22.1,31.2,29.2,26.55,28.1
2021-12-11,21.65,30.95,28.55,26.9,28.85
2021-12-12,21.0,31.6,27.95,25.6,29.35
2021-12-13,19.25,29.3,27.6,24.7,28.65
2021-12-14,20.65,28.45,28.2,24.5,27.25
2021-12-15,20.6,27.3,28.25,24.3,26.9
2021-12-16,18.05,28.15,28.25,24.1,27.8
2021-12-17,17.85,28.0,28.05,24.55,27.95
2021-12-18,17.8,29.4,27.8,25.4,27.3
2021-12-19,17.5,29.8,27.85,23.05,26.7
2021-12-20,18.1,29.85,27.9,21.45,26.5
2021-12-21,19.45,28.6,28.3,22.2,27.15
2021-12-22,20.1,28.05,27.8,23.8,27.5
2021-12-23,21.1,28.0,27.6,24.75,28.7
2021-12-24,21.4,26.25,27.6,24.75,29.6
2021-12-25,21.1,26.25,27.45,25.6,29.95
2021-12-26,18.35,28.2,27.9,25.2,29.7
2021-12-27,19.65,29.35,29.1,25.35,28.95
2021-12-28,19.5,28.05,27.05,25.9,28.6
2021-12-29,19.05,27.55,28.3,23.9,27.4
2021-12-30,17.85,29.95,26.7,24.65,26.45
2021-12-31,17.8,31.35,26.15,24.55,27.85
2022-01-01,18.1,31.3,27.0,23.5,27.8
2022-01-02,18.8,30.6,27.9,23.85,27.05
2022-01-03,20.15,30.9,27.7,23.7,27.25
2022-01-04,22.0,31.25,27.25,23.75,27.0
2022-01-05,14.95,28.45,28.0,24.4,27.6
2022-01-06,18.6,27.85,28.2,25.05,27.45
2022-01-07,19.9,27.4,27.3,26.0,27.6
2022-01-08,17.1,24.45,27.8,26.9,27.6
2022-01-09,17.05,25.4,28.1,27.25,28.7
2022-01-10,16.85,24.25,28.5,27.55,26.45
2022-01-11,17.4,24.5,28.7,27.65,26.6
2022-01-12,17.1,25.05,28.85,24.15,26.1
2022-01-13,17.4,25.85,28.5,25.7,24.05
2022-01-14,16.55,25.8,27.2,22.45,27.3
2022-01-15,16.75,28.8,27.45,23.5,25.2
2022-01-16,15.75,31.35,28.0,22.85,26.5
2022-01-17,14.05,30.7,27.65,22.5,24.85
2022-01-18,16.1,29.0,27.1,22.2,26.95
2022-01-19,17.7,29.2,28.35,22.3,27.55
2022-01-20,17.7,27.5,28.65,22.8,29.25
2022-01-21,18.35,27.1,28.9,24.75,29.9
2022-01-22,16.05,26.65,28.9,24.3,31.0
2022-01-23,16.65,23.3,30.55,25.3,28.8
2022-01-24,16.2,24.25,29.7,22.1,26.55
2022-01-25,16.35,25.4,28.65,24.5,26.9
2022-01-26,16.8,27.25,28.05,24.15,27.3
2022-01-27,17.75,29.25,27.95,23.2,26.85
2022-01-28,17.85,30.6,28.2,21.25,26.4
2022-01-29,19.45,30.95,27.55,21.75,27.45
2022-01-30,20.25,29.85,28.6,23.2,28.9
2022-01-31,20.9,29.25,28.85,25.95,30.15
2022-02-01,20.8,29.4,28.1,26.75,31.0
2022-02-02,20.5,27.9,27.85,27.85,31.2
2022-02-03,15.05,26.25,28.15,28.5,30.8
2022-02-04,16.45,26.0,30.5,25.5,28.25
2022-02-05,16.65,27.65,29.05,23.05,28.35
2022-02-06,20.45,27.5,28.35,23.1,28.7
2022-02-07,22.25,26.05,28.8,24.5,30.7
2022-02-08,22.1,25.6,28.45,26.0,30.55
2022-02-09,18.55,26.4,28.55,27.5,30.55
2022-02-10,20.05,30.25,29.45,25.35,30.05
2022-02-11,20.15,32.2,29.5,25.2,29.3
2022-02-12,21.1,30.8,29.15,24.25,29.2
2022-02-13,22.4,30.25,29.2,25.25,28.85
2022-02-14,23.1,29.05,28.05,25.85,29.55
2022-02-15,23.2,27.25,28.65,26.65,30.1
2022-02-16,23.65,26.5,28.7,26.8,30.1
2022-02-17,24.2,26.85,28.85,27.65,30.65
2022-02-18,25.0,28.15,29.45,28.65,30.55
2022-02-19,23.95,29.65,29.3,28.85,31.4
2022-02-20,23.7,30.95,29.7,28.55,32.4
2022-02-21,24.45,31.25,31.6,29.55,32.5
2022-02-22,25.4,30.4,30.15,30.2,32.75
2022-02-23,23.75,29.85,29.95,30.0,32.0
2022-02-24,24.95,30.25,29.9,31.05,32.95
2022-02-25,25.0,30.7,29.45,32.2,33.5
2022-02-26,23.45,30.45,30.0,31.55,31.95
2022-02-27,23.35,31.1,29.85,31.4,32.15
2022-02-28,22.95,32.35,30.3,30.8,32.75
2022-03-01,24.4,32.5,32.3,30.6,33.35
2022-03-02,25.6,34.45,30.7,30.8,33.3
2022-03-03,26.85,35.35,30.35,31.75,32.95
2022-03-04,25.05,34.5,30.45,32.25,33.45
2022-03-05,25.7,34.25,30.8,33.65,34.1
2022-03-06,26.25,34.2,28.9,32.45,33.1
2022-03-07,28.0,32.15,30.1,31.95,33.1
2022-03-08,29.6,36.0,30.9,32.8,33.65
2022-03-09,30.1,34.05,31.15,33.1,34.45
2022-03-10,28.95,33.8,30.7,33.05,33.8
2022-03-11,28.9,33.25,30.6,33.15,34.2
2022-03-12,29.95,36.3,31.45,33.45,33.8
2022-03-13,31.45,36.25,31.9,33.5,34.75
2022-03-14,31.85,36.0,32.55,34.15,35.3
2022-03-15,33.35,35.95,32.85,35.4,36.3
2022-03-16,34.6,35.35,32.6,36.5,37.25
2022-03-17,33.15,35.5,32.55,37.0,38.35
2022-03-18,33.95,34.75,32.2,36.7,37.85
2022-03-19,34.55,32.0,32.95,36.5,35.35
2022-03-20,36.1,30.2,33.65,37.65,34.6
2022-03-21,35.85,30.45,33.25,36.8,36.5
2022-03-22,34.9,34.25,33.2,37.2,36.1
2022-03-23,35.25,38.0,32.6,36.05,36.9
2022-03-24,34.35,33.65,31.95,37.75,35.8
2022-03-25,34.45,32.05,31.7,36.65,36.85
2022-03-26,34.65,32.4,32.0,34.6,36.85
2022-03-27,36.2,32.3,32.4,35.75,37.75
2022-03-28,37.55,32.3,33.3,37.3,38.3
2022-03-29,38.4,33.5,33.85,35.8,38.35
2022-03-30,38.3,33.8,34.2,34.55,38.4
2022-03-31,38.7,31.9,34.25,34.0,38.65
2022-04-01,35.9,32.95,32.3,34.5,38.0
2022-04-02,37.4,31.0,32.6,34.35,37.1
2022-04-03,38.75,31.55,32.25,34.95,37.7
2022-04-04,37.85,32.05,31.8,33.9,37.05
2022-04-05,38.2,32.2,31.85,34.35,37.85
2022-04-06,38.7,32.0,31.85,34.45,37.4
2022-04-07,39.3,32.55,32.3,34.9,37.1
2022-04-08,40.8,33.4,32.05,35.35,38.0
2022-04-09,41.6,32.05,31.4,36.05,37.35
2022-04-10,40.95,32.6,31.85,35.15,37.35
2022-04-11,41.4,32.45,30.6,36.55,38.05
2022-04-12,39.75,33.6,31.55,36.55,38.85
2022-04-13,38.85,34.85,31.35,35.9,38.05
2022-04-14,39.25,32.05,33.1,37.6,38.8
2022-04-15,38.85,32.05,33.55,39.75,38.0
2022-04-16,39.5,31.55,34.95,38.1,37.6
2022-04-17,40.55,32.0,33.3,36.45,37.6
2022-04-18,41.3,31.45,32.75,37.15,37.9
2022-04-19,41.75,32.15,33.55,34.85,38.8
2022-04-20,40.75,32.9,33.0,35.7,39.6
2022-04-21,36.7,38.35,32.8,35.4,36.6
2022-04-22,38.3,36.35,33.05,33.55,37.0
2022-04-23,39.2,37.05,33.4,36.8,35.6
2022-04-24,39.65,33.9,33.45,38.7,35.3
2022-04-25,40.5,36.45,34.4,40.0,38.05
2022-04-26,40.6,33.9,33.95,39.8,36.95
2022-04-27,41.2,35.4,33.7,38.35,37.45
2022-04-28,43.0,36.2,34.05,37.2,38.45
2022-04-29,43.5,33.3,33.95,36.6,39.2
2022-04-30,43.25,33.05,34.85,36.6,39.3
2022-05-01,41.35,32.95,35.15,36.05,38.6
2022-05-02,40.9,32.6,34.5,34.5,38.65
2022-05-03,39.4,32.9,34.3,31.2,38.25
2022-05-04,39.15,32.65,33.35,31.75,36.65
2022-05-05,38.15,33.1,33.4,29.65,37.05
2022-05-06,39.3,32.75,34.85,31.9,38.65
2022-05-07,39.9,33.05,34.7,32.95,37.75
2022-05-08,41.2,33.2,35.05,33.8,37.1
2022-05-09,40.15,32.6,35.8,30.4,38.95
2022-05-10,39.65,32.65,30.85,31.25,36.9
2022-05-11,41.2,32.45,34.05,31.75,29.4
2022-05-12,42.65,32.6,32.15,32.8,33.0
2022-05-13,43.65,32.1,33.55,34.15,36.7
2022-05-14,44.25,32.35,34.55,34.1,38.0
2022-05-15,45.35,32.9,33.95,34.65,37.15
2022-05-16,42.0,32.65,32.9,35.05,36.05
2022-05-17,39.1,32.85,32.1,34.45,35.2
2022-05-18,42.3,32.3,32.25,35.4,34.85
2022-05-19,43.45,32.2,33.85,36.0,32.4
2022-05-20,45.2,32.05,34.7,36.95,33.6
2022-05-21,40.55,32.5,35.9,36.7,35.1
2022-05-22,39.95,32.45,37.5,34.15,34.85
2022-05-23,31.45,32.8,36.45,33.25,35.35
2022-05-24,33.1,32.6,36.25,34.0,36.65
2022-05-25,33.25,32.4,35.8,33.4,35.9
2022-05-26,35.45,32.75,35.65,35.9,36.65
2022-05-27,38.15,33.25,36.95,35.35,36.1
2022-05-28,39.65,33.0,37.25,37.75,36.65
2022-05-29,40.6,33.1,37.6,33.7,37.2
2022-05-30,40.65,32.6,36.65,34.2,37.15
2022-05-31,39.65,32.85,36.35,33.85,36.25
2022-06-01,40.5,32.25,37.3,32.4,35.6
2022-06-02,41.45,32.15,37.65,33.3,37.8
2022-06-03,42.5,31.8,36.85,35.25,37.9
2022-06-04,43.4,32.4,35.55,35.7,38.55
2022-06-05,42.9,32.35,36.35,35.45,38.3
2022-06-06,42.4,32.1,35.25,35.55,37.7
2022-06-07,43.25,32.65,36.4,36.9,38.05
2022-06-08,42.55,31.8,37.5,36.55,33.75
2022-06-09,42.85,31.05,35.35,36.55,35.85
2022-06-10,42.1,30.75,36.7,35.1,35.7
2022-06-11,43.25,29.75,36.65,36.4,34.1
2022-06-12,42.7,28.35,35.15,36.85,33.85
2022-06-13,43.1,29.6,34.8,38.45,33.6
2022-06-14,38.5,30.45,35.7,35.6,33.65
2022-06-15,41.9,30.05,32.65,32.95,32.5
2022-06-16,38.95,30.1,32.5,33.05,32.95
2022-06-17,36.5,29.75,30.8,32.4,32.95
2022-06-18,34.5,29.75,31.2,30.5,33.05
2022-06-19,31.95,28.4,32.75,32.4,31.65
2022-06-20,32.55,26.7,33.15,30.35,31.75
2022-06-21,32.05,27.9,33.15,32.2,32.0
2022-06-22,34.5,29.2,33.05,31.35,31.2
2022-06-23,36.7,28.65,32.5,30.9,31.8
2022-06-24,37.4,29.9,33.45,31.95,32.0
2022-06-25,38.3,29.3,34.6,31.3,30.45
2022-06-26,39.15,27.95,34.95,31.4,27.8
2022-06-27,38.7,28.3,33.45,32.2,28.1
2022-06-28,41.0,28.1,33.2,32.65,29.2
2022-06-29,41.85,28.4,34.75,32.55,31.3
2022-06-30,31.25,27.8,35.1,31.45,30.3
2022-07-01,32.0,26.4,35.1,30.85,31.45
2022-07-02,35.0,27.45,34.9,31.15,31.35
2022-07-03,34.4,27.25,34.35,30.85,30.75
2022-07-04,35.15,26.95,34.25,32.0,29.4
2022-07-05,36.35,26.45,32.15,32.0,27.05
2022-07-06,35.75,26.7,30.75,31.65,26.05
2022-07-07,35.5,27.05,32.95,32.35,28.85
2022-07-08,36.85,28.6,33.1,31.8,24.1
2022-07-09,34.05,26.9,30.85,32.1,23.5
2022-07-10,33.2,26.25,34.9,31.05,23.15
2022-07-11,35.0,25.55,32.95,31.45,26.35
2022-07-12,35.0,25.85,35.1,32.05,23.05
2022-07-13,35.4,25.9,35.7,32.35,23.95
2022-07-14,34.7,25.95,35.85,31.75,26.45
2022-07-15,36.35,28.05,36.55,32.1,27.85
2022-07-16,33.6,27.95,36.7,32.15,29.85
2022-07-17,34.15,28.8,34.25,31.95,26.3
2022-07-18,35.5,26.15,31.8,32.6,28.7
2022-07-19,35.3,26.5,33.35,32.85,29.9
2022-07-20,33.4,27.65,32.2,33.25,30.6
2022-07-21,30.7,27.9,32.55,32.0,29.05
2022-07-22,31.3,28.9,30.8,32.9,28.25
2022-07-23,30.85,26.85,32.15,29.95,26.45
2022-07-24,33.25,26.35,31.4,30.3,26.55
2022-07-25,32.5,27.95,32.35,30.2,28.0
2022-07-26,31.5,27.4,30.85,31.2,28.0
2022-07-27,32.05,28.3,30.2,32.3,29.8
2022-07-28,31.7,28.8,31.05,32.75,29.85
2022-07-29,30.2,29.3,29.6,32.85,30.25
2022-07-30,31.3,29.2,31.8,33.4,29.65
2022-07-31,32.9,29.0,31.2,31.7,29.55
2022-08-01,31.5,29.0,32.35,32.3,29.55
2022-08-02,33.4,29.15,31.9,31.85,30.15
2022-08-03,32.85,28.85,28.15,31.0,29.85
2022-08-04,31.45,28.45,30.4,31.8,30.05
2022-08-05,30.95,27.1,30.7,32.25,28.95
2022-08-06,32.4,27.55,29.75,31.9,29.45
2022-08-07,30.7,27.65,31.8,32.1,28.3
2022-08-08,33.3,27.2,33.05,31.05,24.55
2022-08-09,33.5,26.7,34.45,28.2,24.95
2022-08-10,34.45,27.3,34.15,29.4,28.55
2022-08-11,28.7,27.95,35.7,29.2,28.75
2022-08-12,33.65,27.95,35.35,31.15,29.25
2022-08-13,33.2,28.45,35.15,31.85,28.4
2022-08-14,32.7,28.15,33.85,27.2,25.9
2022-08-15,30.95,26.8,33.3,30.8,27.05
2022-08-16,30.25,26.15,32.2,32.9,29.4
2022-08-17,31.95,27.4,32.75,32.4,29.9
2022-08-18,33.4,27.7,33.7,32.95,30.45
2022-08-19,33.95,27.85,33.45,28.7,29.55
2022-08-20,30.55,27.85,34.7,27.85,29.15
2022-08-21,33.5,27.7,33.25,31.25,29.65
2022-08-22,32.9,27.15,34.45,32.75,29.6
2022-08-23,33.1,27.95,34.0,28.65,30.0
2022-08-24,32.3,27.9,31.75,29.95,30.25
2022-08-25,33.6,27.45,33.1,32.15,30.0
2022-08-26,34.8,27.9,32.5,32.3,30.7
2022-08-27,35.0,28.05,31.45,32.85,30.4
2022-08-28,35.5,28.0,31.8,31.5,30.05
2022-08-29,34.8,28.65,31.15,31.5,30.0
2022-08-30,36.75,29.35,30.25,33.2,30.55
2022-08-31,36.8,29.45,28.75,32.9,30.6
2022-09-01,36.8,28.85,28.2,32.6,30.45
2022-09-02,36.7,30.35,30.0,33.75,30.4
2022-09-03,37.7,29.85,31.2,31.85,31.25
2022-09-04,36.85,28.55,31.4,32.3,29.95
2022-09-05,36.15,28.95,31.7,31.1,30.35
2022-09-06,37.4,29.05,31.15,31.2,30.05
2022-09-07,37.3,30.1,31.05,32.7,30.2
2022-09-08,36.6,28.5,29.1,33.0,28.5
2022-09-09,34.95,29.6,32.0,33.0,28.15
2022-09-10,34.25,29.45,31.4,30.4,27.85
2022-09-11,33.6,29.2,32.3,27.35,26.1
2022-09-12,35.05,28.45,32.65,27.6,27.2
2022-09-13,34.25,26.65,33.0,27.85,28.75
2022-09-14,30.45,27.5,32.65,27.5,29.1
2022-09-15,30.1,27.75,32.75,30.05,29.1
2022-09-16,30.85,26.1,33.45,31.7,29.1
2022-09-17,33.45,27.35,33.85,31.1,29.65
2022-09-18,33.2,26.5,33.8,31.35,29.35
2022-09-19,33.45,27.8,34.0,30.15,29.0
2022-09-20,32.0,26.2,34.75,30.35,26.1
2022-09-21,31.45,26.95,34.75,30.4,28.8
2022-09-22,26.8,25.7,35.45,31.1,27.9
2022-09-23,28.05,28.05,34.25,31.0,28.3
2022-09-24,27.0,27.2,34.3,31.3,29.15
2022-09-25,30.8,27.35,34.05,31.55,29.3
2022-09-26,30.95,27.8,33.45,31.3,30.15
2022-09-27,31.4,27.95,32.65,30.75,29.35
2022-09-28,32.1,28.0,32.05,30.9,29.25
2022-09-29,31.65,27.95,32.0,32.3,28.95
2022-09-30,31.85,29.0,30.1,32.4,29.2
2022-10-01,32.55,27.9,29.4,33.1,29.55
2022-10-02,33.1,28.55,32.05,30.7,29.95
2022-10-03,33.2,28.6,33.55,29.25,30.3
2022-10-04,32.65,29.35,33.9,30.1,30.1
2022-10-05,31.7,29.95,28.45,31.0,28.6
2022-10-06,30.7,29.45,30.65,30.05,25.6
2022-10-07,26.15,27.0,28.2,31.5,28.6
2022-10-08,23.6,27.3,29.65,32.2,28.85
2022-10-09,25.9,28.85,28.5,31.65,28.05
2022-10-10,27.7,29.75,29.0,30.85,27.9
2022-10-11,26.6,29.85,29.4,30.25,28.55
2022-10-12,28.3,28.25,30.35,30.8,29.1
2022-10-13,28.95,29.65,29.95,29.8,28.95
2022-10-14,29.35,30.45,29.25,30.8,27.95
2022-10-15,29.55,31.9,29.7,31.0,26.75
2022-10-16,29.85,31.95,29.55,31.5,26.7
2022-10-17,30.25,29.9,29.25,31.0,28.7
2022-10-18,30.4,27.55,30.75,30.95,28.5
2022-10-19,30.05,29.5,30.55,30.35,29.3
2022-10-20,30.25,29.55,30.2,30.75,28.35
2022-10-21,29.9,30.75,29.4,31.1,29.0
2022-10-22,29.0,30.4,29.85,31.4,27.9
2022-10-23,28.5,31.35,31.5,28.7,27.75
2022-10-24,29.35,30.6,31.45,25.0,28.05
2022-10-25,29.2,29.95,31.5,28.65,28.2
2022-10-26,29.75,30.45,30.3,30.55,28.15
2022-10-27,29.95,30.6,29.8,30.25,28.15
2022-10-28,29.9,31.1,28.45,29.75,28.85
2022-10-29,29.25,31.8,30.25,29.2,28.5
2022-10-30,29.45,31.8,30.3,29.4,28.45
2022-10-31,29.2,31.8,26.15,30.05,27.95
2022-11-01,30.05,31.45,25.7,30.8,27.1
2022-11-02,29.15,31.55,25.25,30.35,27.5
2022-11-03,30.4,33.25,26.85,29.35,29.8
2022-11-04,30.6,33.4,28.05,29.95,29.3
2022-11-05,29.9,33.3,29.2,29.45,29.85
2022-11-06,29.25,32.95,29.6,29.15,29.35
2022-11-07,30.35,31.75,27.9,29.15,29.7
2022-11-08,28.6,32.25,28.15,29.6,29.5
2022-11-09,27.0,31.7,29.25,28.75,28.95
2022-11-10,25.8,32.4,29.2,29.5,29.15
2022-11-11,26.15,33.05,25.65,29.2,29.35
2022-11-12,26.2,33.0,26.2,29.2,29.4
2022-11-13,26.5,32.75,26.8,28.25,29.65
2022-11-14,27.5,32.5,27.0,27.7,29.85
2022-11-15,26.45,31.45,29.0,27.8,29.7
2022-11-16,25.05,32.2,28.8,28.1,28.85
2022-11-17,24.25,32.35,28.4,28.6,28.95
2022-11-18,24.15,31.7,28.6,28.2,28.35
2022-11-19,24.05,31.35,28.9,27.45,26.8
2022-11-20,25.0,30.25,26.85,28.5,26.4
2022-11-21,25.4,29.75,24.4,28.6,29.2
2022-11-22,24.95,30.8,24.05,28.1,30.15
2022-11-23,24.85,31.35,28.2,27.8,29.85
2022-11-24,24.9,31.3,28.15,27.4,28.65
2022-11-25,24.7,31.9,28.55,27.65,30.55
2022-11-26,24.75,32.1,28.25,27.65,30.25
2022-11-27,24.55,30.6,28.65,27.75,30.0
2022-11-28,24.25,30.2,28.25,28.15,29.55
2022-11-29,23.95,29.75,28.25,28.3,28.55
2022-11-30,23.8,32.1,28.25,29.05,28.1
2022-12-01,23.5,32.45,27.9,28.75,29.4
2022-12-02,23.4,32.0,28.95,28.0,29.25
2022-12-03,23.7,31.05,28.1,27.6,29.3
2022-12-04,23.45,32.3,28.95,27.15,29.75
2022-12-05,22.3,31.7,28.95,26.9,28.75
2022-12-06,22.6,32.2,28.65,26.9,29.75
2022-12-07,23.0,32.05,27.7,25.85,28.9
2022-12-08,22.8,31.25,24.95,26.45,26.85
2022-12-09,23.45,30.3,25.15,26.5,27.45
2022-12-10,25.0,31.4,26.65,27.15,27.0
2022-12-11,25.15,30.9,26.45,27.45,25.75
2022-12-12,24.6,31.9,26.0,28.1,26.85
2022-12-13,24.35,32.4,28.45,28.8,26.95
2022-12-14,22.1,32.1,28.35,27.95,28.45
2022-12-15,21.55,31.65,27.6,26.3,28.9
2022-12-16,21.2,33.3,27.95,25.45,29.9
2022-12-17,21.65,33.45,28.25,24.9,29.85
2022-12-18,21.5,33.3,27.8,25.6,28.3
2022-12-19,21.4,31.3,28.35,26.35,28.0
2022-12-20,20.75,30.35,27.65,26.6,28.9
2022-12-21,20.5,31.0,28.2,26.2,29.3
2022-12-22,20.25,30.95,27.9,26.05,29.35
2022-12-23,18.9,29.5,27.9,26.6,30.2
2022-12-24,18.9,28.75,28.2,27.45,29.6
2022-12-25,17.1,27.55,26.95,28.35,29.05
2022-12-26,18.35,27.95,28.15,28.25,28.6
2022-12-27,18.75,29.65,27.5,27.6,30.15
2022-12-28,19.6,30.25,28.5,26.45,31.05
2022-12-29,20.2,30.6,28.55,24.75,30.45
2022-12-30,20.7,30.55,29.1,24.55,30.4
2022-12-31,19.0,29.35,28.65,26.2,30.75
2023-01-01,18.3,27.3,28.55,24.7,30.05
2023-01-02,18.15,29.15,28.2,25.7,29.35
2023-01-03,16.55,29.15,27.8,25.15,28.6
2023-01-04,16.5,28.6,27.6,24.0,28.6
2023-01-05,15.4,29.8,28.5,23.05,26.8
2023-01-06,14.05,31.6,28.1,23.05,27.1
2023-01-07,15.25,31.95,27.95,22.2,26.95
2023-01-08,17.05,31.35,27.2,23.5,26.1
2023-01-09,17.4,30.7,27.0,24.9,27.05
2023-01-10,18.35,31.1,27.25,25.1,28.3
2023-01-11,19.65,29.35,27.6,24.8,28.2
2023-01-12,20.05,28.15,27.55,25.15,28.95
2023-01-13,18.55,26.55,27.95,27.7,29.0
2023-01-14,16.95,26.0,27.6,27.7,29.3
2023-01-15,15.25,25.75,27.3,27.5,29.25
2023-01-16,15.5,25.7,27.4,24.65,29.6
2023-01-17,16.35,26.95,28.05,25.25,29.5
2023-01-18,16.55,29.25,28.4,25.15,29.5
2023-01-19,18.35,27.95,28.35,24.7,28.75
2023-01-20,19.65,27.45,27.35,25.25,28.15
2023-01-21,20.5,27.25,29.1,27.1,28.2
2023-01-22,21.65,26.9,28.3,28.35,28.4
2023-01-23,22.8,25.7,28.7,29.45,27.8
2023-01-24,21.2,25.45,28.0,29.85,29.05
2023-01-25,21.05,26.45,27.95,29.6,28.4
2023-01-26,19.0,27.25,29.25,30.7,29.05
2023-01-27,18.55,32.55,28.7,29.2,28.8
2023-01-28,20.7,30.75,28.9,28.0,29.8
2023-01-29,16.35,25.85,28.45,26.95,29.1
2023-01-30,16.15,27.95,28.95,28.25,29.25
2023-01-31,20.45,30.4,27.9,26.95,30.0
2023-02-01,19.9,33.5,28.65,24.55,29.85
2023-02-02,21.5,33.9,29.0,25.9,29.3
2023-02-03,22.35,32.25,29.1,25.85,29.75
2023-02-04,22.65,31.65,29.0,26.9,30.3
2023-02-05,23.25,30.9,28.7,27.55,30.4
2023-02-06,25.1,29.4,28.55,29.65,30.7
2023-02-07,23.35,31.3,29.35,30.35,31.35
2023-02-08,22.55,31.15,29.05,30.85,32.45
2023-02-09,25.75,33.65,28.75,29.85,32.35
2023-02-10,25.45,31.45,31.3,30.0,32.8
2023-02-11,25.9,31.7,29.95,32.7,33.45
2023-02-12,21.9,32.65,30.15,31.25,33.25
2023-02-13,21.0,33.75,29.4,28.75,31.6
2023-02-14,23.5,33.0,29.15,27.5,31.6
2023-02-15,25.65,33.1,30.1,27.85,32.8
2023-02-16,26.15,34.9,29.15,29.25,33.35
2023-02-17,26.65,34.2,29.1,29.75,32.45
2023-02-18,26.4,34.9,29.45,29.2,31.55
2023-02-19,27.9,35.6,29.6,30.95,31.65
2023-02-20,30.65,30.85,30.8,31.5,32.8
2023-02-21,29.05,31.95,31.45,33.25,34.25
2023-02-22,28.35,30.0,30.95,32.95,34.75
2023-02-23,27.4,32.85,30.35,33.6,34.3
2023-02-24,27.85,34.25,30.1,32.55,34.4
2023-02-25,28.4,33.85,30.75,33.15,34.6
2023-02-26,29.45,34.75,29.45,31.8,33.65
2023-02-27,29.8,34.8,31.7,33.35,33.25
2023-02-28,29.3,33.2,30.15,33.5,32.9
2023-03-01,29.7,32.65,30.65,33.6,32.75
2023-03-02,30.0,35.1,30.6,34.6,33.15
2023-03-03,30.55,33.7,30.7,34.75,34.15
2023-03-04,29.8,34.2,31.2,34.9,33.95
2023-03-05,29.6,36.2,31.05,34.6,34.05
2023-03-06,28.7,36.3,31.0,34.3,34.4
2023-03-07,28.7,36.0,30.35,34.7,32.05
2023-03-08,28.15,35.25,30.55,34.75,33.2
2023-03-09,27.5,36.55,30.55,33.75,33.5
2023-03-10,29.15,35.15,30.4,33.65,33.75
2023-03-11,30.0,36.8,30.45,33.2,33.35
2023-03-12,31.85,37.65,30.75,34.85,33.7
2023-03-13,32.05,37.35,31.75,35.85,33.75
2023-03-14,31.55,36.55,31.2,34.1,34.45
2023-03-15,32.25,34.7,31.0,33.8,34.8
2023-03-16,31.9,32.3,30.9,33.25,31.05
2023-03-17,28.5,30.65,30.3,29.45,26.75
2023-03-18,26.75,30.8,30.4,27.7,26.55
2023-03-19,25.15,29.75,29.85,24.75,28.95
2023-03-20,23.65,29.5,28.9,27.45,29.55
2023-03-21,23.05,28.95,30.5,27.25,29.9
2023-03-22,26.3,30.05,31.85,29.55,30.85
2023-03-23,28.0,30.1,31.3,30.2,31.15
2023-03-24,27.45,30.2,31.9,31.8,32.25
2023-03-25,26.25,29.7,31.5,32.6,31.1
2023-03-26,27.55,29.55,30.7,32.7,33.15
2023-03-27,26.75,29.8,32.95,31.2,33.6
2023-03-28,28.15,29.85,32.0,34.25,34.35
2023-03-29,30.8,29.9,31.7,33.5,34.8
2023-03-30,30.75,29.45,31.55,32.85,35.05
2023-03-31,24.15,29.35,32.35,29.95,33.6
2023-04-01,25.7,30.0,32.3,28.25,33.25
2023-04-02,28.3,30.05,32.9,31.6,33.4
2023-04-03,31.25,30.1,31.25,33.3,34.15
2023-04-04,28.0,30.75,31.6,34.9,35.1
2023-04-05,30.2,30.95,32.65,35.75,34.35
2023-04-06,31.3,33.05,32.85,36.35,33.65
2023-04-07,31.25,34.1,31.95,37.0,34.8
2023-04-08,31.75,35.05,31.5,36.75,33.25
2023-04-09,33.1,35.8,32.35,38.7,34.4
2023-04-10,33.25,35.9,32.3,38.2,35.65
2023-04-11,35.9,34.9,33.05,39.6,36.6
2023-04-12,36.35,35.7,33.9,40.0,37.1
2023-04-13,37.2,35.2,34.15,41.55,37.6
2023-04-14,37.3,35.2,34.8,42.55,36.95
2023-04-15,39.1,35.15,35.3,41.4,36.35
2023-04-16,39.15,34.05,35.5,42.05,36.5
2023-04-17,39.05,34.05,34.4,40.1,37.0
2023-04-18,39.1,37.2,34.35,40.55,38.55
2023-04-19,37.25,36.5,34.7,41.65,38.0
2023-04-20,34.65,34.9,35.95,40.95,37.85
2023-04-21,35.2,32.3,35.85,41.2,35.0
2023-04-22,35.1,31.6,33.9,35.5,35.1
2023-04-23,33.85,31.55,33.5,33.6,35.0
2023-04-24,31.85,32.3,32.6,30.05,32.95
2023-04-25,33.15,32.65,32.1,32.35,33.85
2023-04-26,35.55,31.4,32.8,33.5,32.2
2023-04-27,35.8,31.85,33.05,34.7,30.3
2023-04-28,33.5,31.9,32.9,33.7,31.1
2023-04-29,33.3,31.6,31.45,34.25,30.15
2023-04-30,30.4,31.5,32.2,33.7,29.6
2023-05-01,27.75,31.6,30.95,30.2,29.9
2023-05-02,27.95,31.5,28.8,33.2,30.1
2023-05-03,28.2,31.8,29.0,30.8,30.4
2023-05-04,29.65,31.6,30.95,30.8,31.35
2023-05-05,30.8,32.3,30.3,33.95,29.6
2023-05-06,35.35,31.85,31.0,34.8,32.0
2023-05-07,36.05,30.0,32.0,37.5,32.7
2023-05-08,36.6,32.25,31.9,39.05,34.1
2023-05-09,37.1,33.0,32.85,39.15,32.2
2023-05-10,36.45,33.95,33.55,38.05,33.35
2023-05-11,38.9,34.5,34.35,37.8,36.15
2023-05-12,41.7,33.95,37.2,37.55,37.4
2023-05-13,41.5,33.3,39.9,35.5,38.3
2023-05-14,40.5,33.2,40.25,37.2,37.8
2023-05-15,40.45,33.15,37.1,36.9,37.25
2023-05-16,38.55,33.6,38.15,37.65,36.65
2023-05-17,40.9,33.4,34.05,36.65,36.6
2023-05-18,37.95,33.2,35.85,34.55,36.9
2023-05-19,37.85,33.5,35.2,37.3,37.7
2023-05-20,39.95,32.6,33.8,36.7,36.5
2023-05-21,42.4,32.9,34.5,36.3,36.85
2023-05-22,42.1,32.95,34.2,36.05,36.15
2023-05-23,43.6,33.45,35.25,38.65,36.35
2023-05-24,37.7,33.3,36.25,34.2,36.4
2023-05-25,33.85,33.25,38.45,37.45,35.75
2023-05-26,34.5,32.65,38.3,36.2,36.15
2023-05-27,33.75,33.7,37.7,32.4,36.05
2023-05-28,33.8,33.75,35.95,34.9,36.7
2023-05-29,34.05,33.6,34.6,35.95,35.8
2023-05-30,34.1,33.85,35.1,36.1,33.9
2023-05-31,30.9,34.5,34.35,37.9,37.1
2023-06-01,33.6,33.5,36.7,37.75,37.95
2023-06-02,33.0,33.4,38.7,36.55,38.25
2023-06-03,34.85,34.55,39.05,38.65,37.55
2023-06-04,36.15,33.6,37.85,39.0,34.7
2023-06-05,37.1,33.15,37.85,39.3,35.0
2023-06-06,38.75,33.75,39.75,39.55,35.05
2023-06-07,38.4,33.45,35.1,39.8,36.95
2023-06-08,39.25,34.05,37.05,38.65,36.6
2023-06-09,40.8,33.05,38.5,32.7,37.1
2023-06-10,40.35,33.2,38.7,34.7,36.8
2023-06-11,39.15,32.7,38.25,37.6,34.95
2023-06-12,40.95,32.25,38.75,35.3,36.1
2023-06-13,41.85,31.05,37.95,37.65,36.8
2023-06-14,40.5,30.25,39.4,38.4,36.6
2023-06-15,37.35,31.9,38.65,38.6,36.3
2023-06-16,38.65,31.3,39.55,38.45,36.8
2023-06-17,39.3,31.35,37.45,37.2,36.7
2023-06-18,38.65,31.1,34.25,34.15,36.5
2023-06-19,32.3,31.4,32.0,33.3,36.35
2023-06-20,36.45,31.5,34.25,34.3,36.2
2023-06-21,35.6,31.55,32.95,34.55,35.35
2023-06-22,36.05,31.55,33.15,32.8,34.3
2023-06-23,35.35,30.8,34.4,32.8,33.15
2023-06-24,34.5,29.25,34.0,31.95,29.3
2023-06-25,32.3,27.45,34.05,31.3,31.6
2023-06-26,32.75,26.7,34.9,29.8,30.55
2023-06-27,33.55,27.05,35.95,29.45,31.85
2023-06-28,34.0,27.75,35.7,31.45,31.45
2023-06-29,32.4,26.75,36.15,32.35,32.1
2023-06-30,33.85,26.75,36.3,31.85,32.3
2023-07-01,33.65,28.2,34.85,32.7,33.1
2023-07-02,35.3,28.35,33.45,31.9,33.05
2023-07-03,36.55,28.9,33.15,33.5,32.7
2023-07-04,36.65,29.2,32.15,33.45,32.7
2023-07-05,33.55,28.3,34.2,31.55,30.2
2023-07-06,33.05,27.0,31.85,31.7,27.95
2023-07-07,33.25,27.75,34.05,31.45,29.75
2023-07-08,29.6,29.7,34.3,32.2,31.0
2023-07-09,30.75,29.2,35.25,32.65,31.2
2023-07-10,30.95,28.7,31.25,32.85,30.4
2023-07-11,33.25,29.55,31.8,33.1,29.15
2023-07-12,33.5,26.95,32.45,32.45,30.7
2023-07-13,33.15,27.3,32.7,30.9,31.45
2023-07-14,33.8,27.4,33.9,32.0,31.35
2023-07-15,33.25,27.35,35.2,31.2,30.45
2023-07-16,32.9,27.9,34.05,31.9,27.3
2023-07-17,33.3,27.4,35.65,30.9,29.15
2023-07-18,31.7,26.4,36.1,32.45,25.7
2023-07-19,32.95,27.25,36.25,31.75,26.4
2023-07-20,35.15,27.9,36.2,32.85,24.05
2023-07-21,35.55,27.5,36.0,31.35,27.5
2023-07-22,34.3,26.4,34.55,31.7,28.7
2023-07-23,34.2,27.7,29.2,32.4,28.5
2023-07-24,34.05,28.1,29.45,32.35,27.9
2023-07-25,34.1,27.15,28.55,32.05,27.4
2023-07-26,29.65,27.05,28.8,31.8,26.85
2023-07-27,31.7,27.15,34.6,32.0,24.1
2023-07-28,32.85,27.05,35.3,32.3,29.4
2023-07-29,31.4,28.8,35.45,32.2,29.8
2023-07-30,33.1,28.75,35.5,33.15,30.0
2023-07-31,33.6,28.45,34.8,32.7,27.75
2023-08-01,34.6,28.85,35.15,33.7,28.9
2023-08-02,35.05,28.6,36.0,31.35,28.65
2023-08-03,34.05,28.75,37.0,31.75,29.5
2023-08-04,31.7,28.4,36.75,33.1,29.95
2023-08-05,33.65,29.3,36.35,32.3,30.7
2023-08-06,34.75,28.75,35.95,31.65,30.45
2023-08-07,34.2,28.95,35.6,31.25,29.95
2023-08-08,34.35,29.05,35.1,32.0,29.85
2023-08-09,34.5,29.05,34.35,32.4,30.55
2023-08-10,34.0,28.4,35.0,33.2,30.8
2023-08-11,34.55,29.0,33.85,33.4,30.7
2023-08-12,35.3,27.2,35.25,31.7,31.2
2023-08-13,35.55,29.2,34.5,30.2,30.6
2023-08-14,33.45,29.35,33.5,32.35,30.75
2023-08-15,34.65,28.2,33.45,32.65,30.25
2023-08-16,35.95,29.0,34.25,32.3,29.45
2023-08-17,36.0,29.3,35.35,33.35,29.55
2023-08-18,36.1,28.85,35.35,31.7,28.5
2023-08-19,34.1,28.7,35.55,31.4,27.2
2023-08-20,35.8,27.9,34.1,32.5,29.85
2023-08-21,36.25,28.7,34.25,32.55,30.4
2023-08-22,35.35,28.7,32.85,31.4,29.8
2023-08-23,29.85,29.4,33.45,31.25,30.6
2023-08-24,33.25,28.75,33.7,32.15,31.05
2023-08-25,33.9,28.5,35.05,30.45,31.35
2023-08-26,34.3,27.85,34.25,31.65,30.95
2023-08-27,34.75,27.75,33.0,33.45,31.6
2023-08-28,34.75,27.55,34.85,33.9,31.2
2023-08-29,34.95,28.65,34.15,33.6,30.5
2023-08-30,36.35,29.3,34.3,34.1,31.3
2023-08-31,36.4,30.05,34.7,34.0,31.75
2023-09-01,37.3,30.5,33.4,33.55,32.35
2023-09-02,37.2,28.7,34.05,32.7,31.05
2023-09-03,36.7,29.1,33.95,32.8,29.2
2023-09-04,37.3,29.45,32.2,31.3,24.7
2023-09-05,36.2,29.15,32.3,30.05,26.3
2023-09-06,36.2,29.85,33.0,31.5,27.75
2023-09-07,38.35,28.3,33.7,30.2,29.15
2023-09-08,36.55,28.1,33.8,29.25,28.75
2023-09-09,32.35,28.95,34.2,31.35,29.45
2023-09-10,29.95,29.05,34.05,32.4,29.3
2023-09-11,32.1,28.8,34.9,32.55,29.35
2023-09-12,33.35,29.15,35.3,32.15,29.55
2023-09-13,33.7,28.4,35.2,31.7,29.85
2023-09-14,34.1,28.75,36.1,30.85,28.45
2023-09-15,32.0,29.3,34.75,29.9,29.75
2023-09-16,31.5,28.5,33.85,32.6,29.6
2023-09-17,31.65,29.2,32.55,33.5,29.65
2023-09-18,31.65,27.2,33.05,30.75,30.75
2023-09-19,33.05,28.4,33.65,29.6,31.3
2023-09-20,33.05,28.15,33.95,29.2,31.0
2023-09-21,33.45,28.15,31.95,30.3,29.6
2023-09-22,33.25,28.1,32.8,31.1,29.1
2023-09-23,32.8,28.55,32.05,30.75,29.4
2023-09-24,32.8,28.15,33.8,31.0,28.4
2023-09-25,32.9,28.35,33.2,31.35,29.05
2023-09-26,32.9,29.05,32.75,32.2,30.0
2023-09-27,33.3,29.15,33.05,32.9,30.1
2023-09-28,33.05,29.95,33.65,31.8,30.85
2023-09-29,33.2,30.55,32.95,32.5,30.15
2023-09-30,34.75,32.5,32.4,29.6,30.0
2023-10-01,34.55,30.85,32.65,30.15,30.2
2023-10-02,33.8,29.15,33.4,30.05,30.5
2023-10-03,33.85,29.65,34.5,28.7,31.35
2023-10-04,33.85,29.9,33.9,28.15,31.4
2023-10-05,34.25,30.45,34.35,30.2,31.5
2023-10-06,35.25,29.9,34.15,32.25,31.6
2023-10-07,35.0,30.4,33.05,32.55,31.9
2023-10-08,35.25,31.45,32.7,32.3,31.9
2023-10-09,35.15,32.3,32.35,33.25,32.6
2023-10-10,33.45,31.9,32.3,33.65,32.0
2023-10-11,33.65,31.2,32.0,33.65,33.4
2023-10-12,33.15,31.5,31.15,33.45,32.6
2023-10-13,34.7,33.1,30.15,33.55,32.35
2023-10-14,34.95,32.6,29.2,33.0,32.0
2023-10-15,33.65,33.4,29.05,32.65,32.3
2023-10-16,28.95,32.95,29.55,31.35,31.0
2023-10-17,28.65,32.2,31.45,31.2,31.35
2023-10-18,28.95,33.75,31.2,31.8,31.35
2023-10-19,28.55,33.85,31.85,31.3,32.6
2023-10-20,29.1,34.35,31.6,31.25,32.3
2023-10-21,29.65,34.9,31.3,30.75,31.1
2023-10-22,30.35,33.65,31.65,31.35,31.45
2023-10-23,29.7,34.75,33.7,30.4,30.7
2023-10-24,30.45,34.4,33.25,28.9,30.7
2023-10-25,30.6,33.9,33.85,30.95,30.85
2023-10-26,30.45,34.1,30.6,31.1,30.2
2023-10-27,30.35,34.3,30.65,30.7,30.6
2023-10-28,29.95,34.2,30.15,29.95,30.9
2023-10-29,31.4,34.65,29.8,30.45,31.1
2023-10-30,31.7,34.8,30.0,30.7,29.6
2023-10-31,31.05,34.6,30.95,31.2,29.9
2023-11-01,30.45,34.05,30.35,32.05,30.7
2023-11-02,30.25,33.95,29.2,31.9,30.45
2023-11-03,28.45,34.55,29.05,30.2,30.75
2023-11-04,29.6,35.3,27.65,30.65,29.95
2023-11-05,29.6,35.1,28.8,30.05,30.05
2023-11-06,29.45,35.35,29.05,31.2,30.15
2023-11-07,30.1,34.2,28.9,30.55,29.45
2023-11-08,29.45,32.7,28.8,30.25,29.55
2023-11-09,29.2,33.5,28.55,30.5,28.9
2023-11-10,26.4,33.0,30.0,30.5,29.4
2023-11-11,25.25,35.0,29.95,30.5,29.65
2023-11-12,25.1,35.15,29.9,30.7,30.7
2023-11-13,25.55,34.4,29.9,30.25,30.0
2023-11-14,25.2,33.85,27.7,30.15,29.7
2023-11-15,25.7,33.9,25.05,30.3,29.4
2023-11-16,26.2,34.0,29.35,27.5,29.45
2023-11-17,26.75,33.7,29.5,29.75,29.75
2023-11-18,26.2,33.7,29.7,28.85,29.7
2023-11-19,25.65,32.3,29.7,29.4,29.75
2023-11-20,25.5,34.15,27.15,29.45,29.9
2023-11-21,25.2,34.2,27.45,29.9,28.75
2023-11-22,24.8,33.6,28.2,28.85,28.95
2023-11-23,24.75,33.2,26.55,27.95,27.6
2023-11-24,25.1,34.4,27.95,28.3,27.1
2023-11-25,25.25,33.55,28.55,28.65,28.55
2023-11-26,25.45,31.1,29.05,28.65,28.35
2023-11-27,23.95,30.3,29.65,28.8,29.0
2023-11-28,20.55,30.0,28.85,29.3,29.5
2023-11-29,24.4,28.8,27.45,29.6,28.9
2023-11-30,21.65,29.7,26.65,29.6,29.3
2023-12-01,24.15,29.65,29.35,30.2,29.2
2023-12-02,24.2,31.6,27.15,29.8,29.65
2023-12-03,24.5,33.3,26.05,30.1,30.2
2023-12-04,22.9,33.2,25.15,27.65,28.0
2023-12-05,23.2,32.8,31.0,25.6,25.5
2023-12-06,23.55,31.45,30.05,27.7,28.8
2023-12-07,24.1,31.3,28.85,21.7,27.9
2023-12-08,23.8,31.8,28.7,25.15,28.2
2023-12-09,23.4,32.35,29.45,26.2,28.6
2023-12-10,22.45,32.75,28.95,25.65,28.4
2023-12-11,22.25,32.15,28.2,24.85,27.6
2023-12-12,22.8,31.25,28.1,24.55,27.5
2023-12-13,22.8,30.9,27.55,25.1,27.3
2023-12-14,22.1,32.55,29.0,25.15,26.4
2023-12-15,22.05,31.9,26.4,24.25,26.65
2023-12-16,22.3,31.7,28.3,24.65,26.55
2023-12-17,22.55,32.1,28.0,24.65,27.3
2023-12-18,21.45,32.9,27.5,24.7,27.1
2023-12-19,21.45,32.6,27.75,24.1,26.8
2023-12-20,20.4,32.6,28.0,24.65,26.85
2023-12-21,21.55,33.05,28.1,24.45,27.85
2023-12-22,21.45,31.55,27.75,25.65,28.1
2023-12-23,22.05,33.1,27.7,26.25,28.15
2023-12-24,22.9,32.8,28.35,25.4,28.35
2023-12-25,22.9,32.75,27.95,25.9,28.3
2023-12-26,22.7,33.1,27.9,26.45,29.25
2023-12-27,21.65,33.75,28.15,26.55,28.25
2023-12-28,20.85,32.35,28.35,26.6,27.45
2023-12-29,20.2,33.1,28.35,26.7,27.5
2023-12-30,18.95,32.05,28.3,26.5,27.95
2023-12-31,18.65,31.9,28.1,25.8,27.9
2024-01-01,16.15,31.65,28.7,25.05,27.7
2024-01-02,15.3,30.95,27.8,23.5,27.25
2024-01-03,15.85,30.1,28.2,24.5,27.1
2024-01-04,17.9,28.9,29.0,25.4,27.65
2024-01-05,17.25,29.8,29.0,25.8,27.55
2024-01-06,16.85,31.75,28.3,26.7,27.85
2024-01-07,17.45,31.7,26.6,26.2,26.95
2024-01-08,18.4,32.85,26.75,25.9,27.35
2024-01-09,18.0,30.7,28.35,25.35,28.25
2024-01-10,15.8,30.5,28.15,26.05,26.0
2024-01-11,15.45,32.75,28.2,25.15,29.45
2024-01-12,17.4,34.2,28.4,23.15,29.95
2024-01-13,18.1,32.9,28.45,22.7,30.0
2024-01-14,17.95,32.65,28.35,22.35,30.3
2024-01-15,16.05,30.05,28.4,22.15,29.2
2024-01-16,17.5,28.4,28.1,22.7,29.8
2024-01-17,17.75,27.55,28.1,23.95,29.8
2024-01-18,17.45,27.9,28.45,19.55,28.55
2024-01-19,16.75,27.7,28.6,23.2,29.85
2024-01-20,16.05,28.4,28.65,22.9,29.0
2024-01-21,16.05,30.2,29.05,20.5,30.1
2024-01-22,16.85,29.75,28.55,21.6,30.95
2024-01-23,17.3,29.7,28.95,22.8,30.7
2024-01-24,18.15,30.55,29.4,21.45,29.6
2024-01-25,17.5,31.15,29.15,22.7,28.3
2024-01-26,18.45,31.95,29.05,23.05,29.6
2024-01-27,20.55,32.7,29.3,22.95,28.95
2024-01-28,20.25,32.7,28.85,23.6,29.05
2024-01-29,21.3,32.0,28.65,24.8,29.15
2024-01-30,20.45,31.4,29.75,26.8,29.25
2024-01-31,20.15,29.45,29.4,25.55,30.8
2024-02-01,21.2,28.2,29.2,25.05,31.05
2024-02-02,19.3,30.1,29.9,26.65,30.8
2024-02-03,20.65,34.2,29.75,25.95,29.9
2024-02-04,20.7,33.45,30.0,26.6,31.25
2024-02-05,19.8,32.15,29.8,27.15,32.35
2024-02-06,18.65,32.0,29.8,28.25,32.75
2024-02-07,18.4,32.4,30.3,26.0,33.35
2024-02-08,19.05,32.2,30.95,24.8,33.1
2024-02-09,20.45,31.05,30.05,23.35,32.35
2024-02-10,19.7,30.85,30.9,24.8,32.25
2024-02-11,21.45,30.95,30.0,26.85,32.65
2024-02-12,21.5,31.5,29.55,27.65,31.95
2024-02-13,21.15,31.8,30.15,29.15,32.3
2024-02-14,22.65,32.95,30.45,28.6,32.55
2024-02-15,23.6,32.65,29.8,28.05,32.25
2024-02-16,24.45,34.45,30.45,28.85,31.95
2024-02-17,24.55,33.5,31.05,28.1,33.0
2024-02-18,27.1,34.85,30.55,29.4,33.5
2024-02-19,26.75,32.3,31.65,30.1,33.55
2024-02-20,27.3,31.45,30.9,31.65,33.35
2024-02-21,25.85,28.75,32.2,32.9,33.3
2024-02-22,23.95,28.65,31.9,29.95,32.95
2024-02-23,22.75,30.15,33.4,28.75,32.55
2024-02-24,23.4,31.75,30.8,27.95,33.65
2024-02-25,25.0,34.3,30.7,24.9,31.95
2024-02-26,24.6,34.8,30.85,28.5,32.3
2024-02-27,24.5,33.95,30.9,29.0,33.35
2024-02-28,24.0,35.2,31.5,29.4,32.9
2024-02-29,26.25,34.4,31.95,29.95,33.7
2024-03-01,26.5,33.85,31.95,30.35,34.3
2024-03-02,24.65,30.1,33.0,30.8,35.4
2024-03-03,22.7,28.0,31.55,31.45,35.05
2024-03-04,21.65,28.4,30.8,31.4,34.8
2024-03-05,20.9,30.55,31.25,31.3,34.55
2024-03-06,21.05,31.05,32.65,29.7,36.3
2024-03-07,24.2,32.65,34.05,28.8,36.05
2024-03-08,25.4,35.05,32.1,30.6,35.75
2024-03-09,25.2,35.0,32.75,30.15,36.25
2024-03-10,26.55,32.8,32.7,30.2,34.8
2024-03-11,29.5,34.55,32.65,31.75,35.55
2024-03-12,29.05,34.85,33.4,33.4,36.3
2024-03-13,29.4,31.45,33.8,33.6,37.35
2024-03-14,29.2,30.95,33.55,32.1,35.4
2024-03-15,27.15,30.0,32.6,33.35,37.75
2024-03-16,27.55,30.4,32.2,32.1,35.1
2024-03-17,28.8,31.6,31.9,31.7,34.85
2024-03-18,28.45,31.45,32.75,29.5,34.25
2024-03-19,29.8,33.05,32.5,30.25,34.9
2024-03-20,32.0,38.0,32.2,23.6,30.75
2024-03-21,29.15,37.8,30.35,26.3,33.05
2024-03-22,32.4,33.75,31.9,28.2,35.1
2024-03-23,33.75,33.15,33.1,32.05,35.35
2024-03-24,30.95,31.75,32.55,33.95,35.35
2024-03-25,32.8,32.45,31.85,33.1,35.45
2024-03-26,33.55,34.2,31.85,32.5,36.85
2024-03-27,36.4,33.1,32.75,35.15,37.15
2024-03-28,36.95,33.0,33.65,34.45,38.25
2024-03-29,36.5,34.65,34.1,35.15,38.65
2024-03-30,35.15,34.15,34.7,36.05,38.4
2024-03-31,34.35,34.05,33.6,35.35,37.55
2024-04-01,31.3,33.75,33.7,36.95,38.0
2024-04-02,32.9,33.15,34.8,36.25,37.7
2024-04-03,35.85,33.4,35.05,36.8,38.4
2024-04-04,36.4,32.9,34.85,36.7,38.8
2024-04-05,35.6,35.4,35.0,38.25,39.15
2024-04-06,34.95,36.75,36.45,37.65,38.7
2024-04-07,35.4,36.5,36.9,36.25,39.45
2024-04-08,36.75,33.35,36.2,32.0,37.3
2024-04-09,37.75,34.2,33.3,34.7,35.0
2024-04-10,38.55,33.35,33.65,35.7,35.6
2024-04-11,38.0,33.5,33.4,32.75,35.35
2024-04-12,38.75,33.8,33.3,34.9,31.2
2024-04-13,38.5,31.5,34.0,36.6,33.05
2024-04-14,33.8,32.6,33.5,36.55,36.55
2024-04-15,36.3,36.3,34.2,38.45,37.7
2024-04-16,35.7,41.3,34.75,38.9,37.8
2024-04-17,35.3,33.8,36.15,38.65,37.75
2024-04-18,37.8,34.3,37.0,38.65,38.55
2024-04-19,38.3,35.7,36.05,40.75,37.8
2024-04-20,36.7,35.65,35.75,41.7,36.4
2024-04-21,36.6,34.0,35.5,41.15,36.9
2024-04-22,36.95,34.25,35.55,40.0,37.0
2024-04-23,38.0,34.35,34.65,38.7,39.0
2024-04-24,36.85,33.85,35.55,39.85,38.65
2024-04-25,38.25,34.35,34.75,40.4,38.95
2024-04-26,39.2,35.2,34.6,41.0,40.4
2024-04-27,37.85,36.1,34.65,40.8,38.65
2024-04-28,37.45,39.35,35.6,40.4,40.45
2024-04-29,38.05,38.15,35.5,41.55,39.6
2024-04-30,36.2,37.6,35.65,43.9,39.9
2024-05-01,32.65,34.5,37.8,41.55,40.5
2024-05-02,35.0,33.4,38.25,41.65,39.55
2024-05-03,38.05,33.2,38.45,40.0,40.4
2024-05-04,40.55,33.2,37.35,39.05,41.4
2024-05-05,40.9,34.7,36.35,37.15,40.0
2024-05-06,40.6,33.2,37.05,36.55,40.75
2024-05-07,41.4,33.35,36.9,34.2,35.05
2024-05-08,39.7,33.0,33.5,30.35,36.45
2024-05-09,39.6,32.85,32.9,30.7,36.15
2024-05-10,39.45,33.15,32.65,31.05,34.8
2024-05-11,38.8,33.55,34.2,31.2,37.25
2024-05-12,37.75,33.85,33.35,32.75,35.75
2024-05-13,40.3,34.75,33.05,33.55,34.9
2024-05-14,40.65,37.55,33.7,34.15,35.0
2024-05-15,42.25,36.0,34.0,35.05,36.1
2024-05-16,42.65,38.9,29.6,35.95,32.85
2024-05-17,43.95,36.25,30.55,37.7,32.55
2024-05-18,43.95,34.7,30.6,37.15,33.05
2024-05-19,44.85,34.1,33.05,34.9,32.8
2024-05-20,43.6,35.1,31.25,34.0,32.7
2024-05-21,42.6,35.35,30.55,34.05,34.55
2024-05-22,41.1,34.45,31.25,34.3,35.15
2024-05-23,41.05,34.2,32.5,34.65,36.25
2024-05-24,40.85,34.7,36.1,35.4,38.6
2024-05-25,44.35,33.7,36.05,35.55,36.95
2024-05-26,45.95,33.4,39.05,30.55,37.6
2024-05-27,45.65,33.55,40.85,27.75,38.0
2024-05-28,45.75,33.65,41.0,36.0,37.0
2024-05-29,45.7,33.95,40.65,35.25,38.55
2024-05-30,45.75,34.55,39.25,34.75,38.4
2024-05-31,45.85,34.35,40.2,34.1,39.5
2024-06-01,44.0,34.05,36.8,34.55,39.15
2024-06-02,41.4,34.45,33.5,33.9,37.15
2024-06-03,44.4,34.2,30.65,34.8,33.6
2024-06-04,43.1,33.45,34.45,35.35,33.5
2024-06-05,41.65,33.8,32.5,36.0,32.25
2024-06-06,40.8,34.1,32.2,36.95,34.05
2024-06-07,42.2,33.55,31.0,36.6,31.95
2024-06-08,40.15,34.35,33.65,35.25,31.3
2024-06-09,42.15,31.6,34.75,36.5,30.85
2024-06-10,42.95,29.8,36.5,36.25,29.2
2024-06-11,43.2,30.2,36.15,36.3,31.05
2024-06-12,44.1,29.95,33.75,34.75,31.1
2024-06-13,44.85,30.0,35.35,35.55,32.05
2024-06-14,43.35,29.2,35.9,37.5,30.4
2024-06-15,43.3,29.75,35.5,37.1,31.6
2024-06-16,44.05,30.95,36.3,36.6,31.15
2024-06-17,44.0,31.55,36.35,37.4,32.4
2024-06-18,44.15,29.8,37.0,32.2,32.55
2024-06-19,41.3,29.2,35.3,34.75,30.3
2024-06-20,39.25,28.45,35.6,35.0,32.1
2024-06-21,38.25,31.1,36.0,31.75,32.25
2024-06-22,38.5,30.2,36.3,32.85,28.95
2024-06-23,39.5,29.8,36.5,33.4,31.9
2024-06-24,39.5,29.65,36.05,33.35,31.5
2024-06-25,36.6,30.6,35.15,33.75,32.45
2024-06-26,34.3,30.5,36.45,33.85,31.65
2024-06-27,30.4,28.75,34.85,32.75,27.45
2024-06-28,30.55,28.2,37.05,32.4,28.9
2024-06-29,32.9,30.05,37.75,31.6,30.0
2024-06-30,34.8,29.35,34.35,31.6,28.55
2024-07-01,34.1,30.6,33.9,32.15,28.85
2024-07-02,33.6,30.4,36.0,30.05,30.85
2024-07-03,32.9,30.05,37.5,28.9,30.7
2024-07-04,31.6,28.95,34.8,31.5,31.25
2024-07-05,30.35,29.1,36.05,32.5,30.75
2024-07-06,32.95,29.45,32.2,32.3,29.6
2024-07-07,33.45,29.2,36.1,32.4,28.85
2024-07-08,33.2,28.45,32.65,32.5,29.1
2024-07-09,32.4,26.95,33.85,32.15,29.3
2024-07-10,34.1,28.75,35.5,32.5,31.15
2024-07-11,36.35,28.75,33.3,32.8,30.95
2024-07-12,35.25,26.9,35.65,32.5,30.85
2024-07-13,34.25,26.55,29.6,31.85,30.45
2024-07-14,34.85,26.55,28.5,32.15,26.2
2024-07-15,33.2,28.05,30.15,32.1,29.1
2024-07-16,34.25,29.05,31.25,31.85,29.75
2024-07-17,34.65,27.65,31.4,33.2,28.65
2024-07-18,34.7,28.1,31.9,33.45,27.55
2024-07-19,34.4,27.3,30.05,31.95,27.5
2024-07-20,35.05,27.7,33.0,32.85,25.9
2024-07-21,34.8,27.1,35.55,31.4,27.65
2024-07-22,34.6,26.9,35.2,31.75,25.8
2024-07-23,34.75,26.55,36.6,31.75,26.6
2024-07-24,33.7,26.95,36.7,32.05,24.55
2024-07-25,34.7,27.35,37.75,31.7,24.85
2024-07-26,33.0,28.55,36.45,30.25,27.2
2024-07-27,34.0,28.8,34.75,31.6,25.5
2024-07-28,35.1,29.25,37.05,31.95,28.65
2024-07-29,35.65,27.7,36.7,31.15,29.3
2024-07-30,36.4,28.15,36.0,32.95,29.85
2024-07-31,37.05,28.65,35.95,31.5,29.6
2024-08-01,31.2,29.35,35.8,28.0,29.0
2024-08-02,32.15,28.3,35.7,30.4,27.35
2024-08-03,32.4,27.5,34.75,31.4,28.15
2024-08-04,33.45,26.95,35.25,31.0,28.95
2024-08-05,32.6,28.85,32.0,32.4,30.2
2024-08-06,31.75,28.65,33.05,31.25,29.05
2024-08-07,30.05,28.75,32.25,30.9,25.05
2024-08-08,31.45,28.65,32.0,31.25,29.0
2024-08-09,31.75,27.75,32.8,31.05,30.3
2024-08-10,31.25,28.1,31.8,31.95,30.3
2024-08-11,30.85,29.2,33.45,32.55,29.4
2024-08-12,29.95,28.85,33.55,32.3,28.15
2024-08-13,30.75,28.8,32.1,32.8,30.35
2024-08-14,30.65,29.1,30.85,32.3,30.75
2024-08-15,32.15,29.4,31.95,32.65,30.95
2024-08-16,32.3,29.55,31.95,31.2,31.15
2024-08-17,31.9,29.6,32.45,32.75,30.4
2024-08-18,32.7,29.85,32.75,30.1,31.15
2024-08-19,32.65,29.05,33.05,30.55,28.8
2024-08-20,31.6,28.6,32.05,30.7,29.9
2024-08-21,31.95,30.3,31.85,31.8,31.2
2024-08-22,32.75,30.0,32.75,31.35,30.05
2024-08-23,30.7,28.5,34.1,29.8,28.35
2024-08-24,31.5,26.5,34.6,27.35,27.25
2024-08-25,32.15,27.6,35.15,28.85,27.0
2024-08-26,31.55,26.95,35.2,29.4,29.2
2024-08-27,31.15,27.55,34.05,29.6,29.65
2024-08-28,30.25,28.9,29.2,31.65,29.25
2024-08-29,30.85,29.0,33.8,32.2,29.2
2024-08-30,31.25,28.95,32.2,32.9,24.75
2024-08-31,33.3,28.9,31.6,32.25,25.1
2024-09-01,33.5,27.8,34.35,30.9,23.1
2024-09-02,31.5,27.25,35.1,32.15,25.1
2024-09-03,31.55,27.25,33.25,32.0,27.55
2024-09-04,30.75,28.3,33.7,31.9,28.1
2024-09-05,31.55,28.25,34.7,32.1,29.4
2024-09-06,30.55,28.4,33.7,33.05,28.95
2024-09-07,30.35,28.3,32.55,33.4,26.5
2024-09-08,31.3,28.7,33.95,32.35,26.35
2024-09-09,32.65,28.8,34.15,32.2,24.95
2024-09-10,30.65,28.5,36.2,31.85,29.25
2024-09-11,31.65,28.15,35.05,31.85,29.35
2024-09-12,27.2,28.4,36.35,31.4,28.7
2024-09-13,30.0,28.6,35.9,31.6,28.65
2024-09-14,29.9,27.85,36.0,27.9,29.15
2024-09-15,31.2,27.4,36.5,26.95,29.35
2024-09-16,32.1,28.7,35.75,29.2,27.75
2024-09-17,31.5,28.85,36.3,32.6,29.75
2024-09-18,27.7,29.2,34.8,32.95,29.5
2024-09-19,29.8,29.45,33.85,32.65,30.35
2024-09-20,31.05,28.35,35.9,33.4,30.85
2024-09-21,31.6,29.7,31.0,33.35,29.45
2024-09-22,33.05,29.65,33.6,33.95,29.3
2024-09-23,33.3,28.85,33.0,33.55,29.2
2024-09-24,33.55,29.0,33.35,30.5,29.25
2024-09-25,32.95,28.0,33.9,28.05,28.7
2024-09-26,31.35,26.55,30.45,28.5,27.75
2024-09-27,30.85,26.8,31.35,30.45,29.0
2024-09-28,30.5,28.05,30.75,31.4,29.6
2024-09-29,30.65,28.65,30.8,32.4,30.7
2024-09-30,32.7,29.7,30.05,33.45,29.9
2024-10-01,33.15,31.45,31.6,34.2,31.2
2024-10-02,34.6,30.7,34.4,31.6,31.75
2024-10-03,33.9,30.05,34.0,31.5,31.5
2024-10-04,33.45,29.5,32.75,30.0,30.65
2024-10-05,33.55,29.45,33.5,30.1,30.35
2024-10-06,33.55,31.25,32.15,30.3,30.7
2024-10-07,32.35,31.6,30.0,30.7,29.95
2024-10-08,32.5,32.2,30.3,31.05,29.65
2024-10-09,32.15,29.1,30.0,29.85,30.15
2024-10-10,32.3,29.65,29.8,31.15,29.15
2024-10-11,31.65,31.45,29.75,32.05,29.65
2024-10-12,31.95,31.4,29.55,31.85,29.5
2024-10-13,32.05,30.6,29.9,31.95,29.65
2024-10-14,31.8,31.55,26.65,32.4,28.55
2024-10-15,31.85,29.6,28.15,31.5,29.4
2024-10-16,32.35,30.7,28.6,31.3,29.35
2024-10-17,32.8,28.95,30.3,30.9,28.95
2024-10-18,33.35,31.85,28.8,30.15,28.75
2024-10-19,33.65,30.05,29.25,30.45,30.25
2024-10-20,33.0,29.8,29.85,30.5,29.35
2024-10-21,32.3,30.4,30.1,30.4,29.55
2024-10-22,31.45,30.3,30.3,30.9,29.5
2024-10-23,32.1,31.4,31.5,29.55,30.45
2024-10-24,32.6,32.45,31.2,26.4,30.7
2024-10-25,32.05,31.1,32.65,25.85,30.1
2024-10-26,31.55,32.5,33.45,31.45,30.15
2024-10-27,31.05,31.6,32.3,30.55,30.45
2024-10-28,31.35,31.8,32.2,31.4,30.25
2024-10-29,32.85,31.2,32.1,31.35,30.45
2024-10-30,34.3,32.65,31.45,30.8,30.2
2024-10-31,32.75,32.4,30.05,31.25,28.7
2024-11-01,32.0,31.25,29.15,32.35,30.1
2024-11-02,31.7,33.05,29.2,31.35,29.15
2024-11-03,31.3,34.15,29.6,30.95,28.35
2024-11-04,30.35,34.05,30.05,30.2,29.5
2024-11-05,29.4,34.3,30.5,29.25,29.7
2024-11-06,30.2,33.7,28.65,29.45,30.2
2024-11-07,30.1,33.5,29.6,30.05,29.75
2024-11-08,30.25,33.75,30.4,30.2,29.55
2024-11-09,30.55,34.1,30.35,29.55,29.8
2024-11-10,30.15,33.65,30.25,29.9,29.9
2024-11-11,29.75,33.3,30.15,30.05,29.3
2024-11-12,31.15,33.5,27.45,29.9,29.85
2024-11-13,30.0,34.8,26.9,31.45,30.3
2024-11-14,30.0,35.4,28.85,30.8,29.5
2024-11-15,28.95,33.9,28.1,30.15,30.65
2024-11-16,28.75,34.35,27.65,29.2,30.6
2024-11-17,28.45,35.8,29.45,28.65,29.45
2024-11-18,26.35,34.8,29.15,27.95,28.55
2024-11-19,25.9,33.85,28.65,28.55,28.3
2024-11-20,25.9,33.05,28.9,29.0,28.1
2024-11-21,25.75,33.05,29.0,28.75,28.3
2024-11-22,26.25,32.65,29.15,28.7,28.55
2024-11-23,27.45,31.95,28.9,28.45,28.3
2024-11-24,27.65,32.95,29.6,28.1,28.4
2024-11-25,25.9,32.85,29.55,27.5,27.45
2024-11-26,25.55,32.3,26.8,27.35,28.8
2024-11-27,25.95,32.6,27.65,28.45,27.45
2024-11-28,25.5,32.1,26.4,28.75,26.85
2024-11-29,24.55,31.35,25.05,27.0,28.95
2024-11-30,24.9,31.4,26.5,23.7,29.05
2024-12-01,24.75,32.55,27.75,27.8,28.05
2024-12-02,25.75,33.75,28.9,23.65,27.25
2024-12-03,26.5,33.55,29.35,27.6,27.4
2024-12-04,25.55,34.2,28.75,27.15,28.25
2024-12-05,23.6,34.25,29.05,28.4,27.35
2024-12-06,23.5,32.65,28.0,26.75,29.1
2024-12-07,23.1,32.75,29.2,25.75,30.0
2024-12-08,22.25,31.1,29.4,25.95,28.65
2024-12-09,20.2,30.9,29.2,26.7,27.75
2024-12-10,20.05,31.35,29.3,26.3,28.2
2024-12-11,20.15,33.55,27.2,24.6,27.15
2024-12-12,20.45,31.1,25.95,24.2,27.4
2024-12-13,20.6,32.25,27.9,23.65,26.9
2024-12-14,20.65,32.85,28.35,23.55,26.6
2024-12-15,21.1,33.2,27.5,23.9,26.55
2024-12-16,21.0,32.35,27.0,24.95,26.95
2024-12-17,20.6,30.8,26.3,26.6,27.45
2024-12-18,20.9,32.2,26.25,27.1,28.0
2024-12-19,20.8,29.65,27.25,27.0,28.85
2024-12-20,23.2,28.15,28.75,26.6,29.4
2024-12-21,22.1,27.9,28.55,20.1,29.9
2024-12-22,22.45,27.75,28.4,25.3,28.45
2024-12-23,17.6,27.3,28.6,26.5,28.55
2024-12-24,18.65,28.45,27.85,26.0,28.45
2024-12-25,20.6,28.7,27.45,23.85,27.7
2024-12-26,22.55,29.55,28.2,27.1,25.85
2024-12-27,17.05,28.2,28.45,26.85,26.4
2024-12-28,18.05,29.85,28.3,26.35,27.9
2024-12-29,18.25,30.4,27.9,27.0,28.85
2024-12-30,18.05,32.55,28.0,26.6,30.0
2024-12-31,16.05,33.2,28.15,24.35,28.7
2025-01-01,16.75,32.4,27.85,23.4,28.55
2025-01-02,18.2,32.75,27.85,22.75,28.15
2025-01-03,19.6,33.35,28.3,22.85,28.85
2025-01-04,21.1,32.9,27.65,24.4,28.9
2025-01-05,18.1,29.2,28.3,25.6,28.15
2025-01-06,17.95,29.9,28.55,25.4,27.5
2025-01-07,17.5,31.35,27.25,26.9,28.55
2025-01-08,18.35,30.6,28.05,23.8,27.15
2025-01-09,18.65,32.0,28.5,23.5,25.75
2025-01-10,17.85,31.3,28.35,23.9,26.35
2025-01-11,16.75,28.55,28.45,24.9,26.8
2025-01-12,18.0,29.95,26.8,26.4,27.7
2025-01-13,18.95,32.7,26.9,27.8,28.65
2025-01-14,18.2,32.9,28.15,27.05,28.45
2025-01-15,18.35,30.15,28.85,25.45,28.05
2025-01-16,18.0,29.7,28.3,25.9,28.2
2025-01-17,18.9,33.35,27.35,25.8,28.35
2025-01-18,17.8,34.0,28.2,25.8,26.85
2025-01-19,21.25,33.15,27.35,25.55,29.3
2025-01-20,21.9,33.15,27.55,24.9,29.5
2025-01-21,21.85,31.35,27.8,26.65,30.5
2025-01-22,22.8,31.4,28.35,28.45,30.05
2025-01-23,21.9,30.45,28.95,28.75,29.6
2025-01-24,20.85,31.7,28.5,28.55,30.55
2025-01-25,20.75,33.2,28.65,26.9,31.3
2025-01-26,21.0,33.45,28.6,25.25,30.1
2025-01-27,21.5,32.5,29.25,25.05,31.2
2025-01-28,22.85,30.45,29.4,27.15,30.95
2025-01-29,24.0,30.75,28.95,28.25,30.5
2025-01-30,24.75,31.35,30.75,30.05,31.0
2025-01-31,26.25,29.55,30.05,30.3,32.35
2025-02-01,25.5,29.1,30.5,29.7,32.2
2025-02-02,23.6,30.9,30.8,30.0,32.3
2025-02-03,22.75,28.9,30.9,30.8,32.15
2025-02-04,22.9,29.7,31.95,29.05,33.1
2025-02-05,21.4,31.55,31.95,30.9,33.35
2025-02-06,21.1,31.75,30.7,30.55,32.35
2025-02-07,20.8,34.3,30.95,27.45,32.05
2025-02-08,23.3,33.25,31.55,27.55,32.25
2025-02-09,25.15,33.05,30.4,27.6,31.55
2025-02-10,27.15,33.55,30.3,30.65,32.25
2025-02-11,27.9,32.35,30.9,31.15,33.7
2025-02-12,25.25,33.25,31.55,32.25,34.35
2025-02-13,23.6,34.8,31.75,31.4,33.55
2025-02-14,24.6,34.65,32.25,28.95,32.75
2025-02-15,25.6,35.15,31.3,30.8,32.9
2025-02-16,26.6,35.1,31.65,32.0,33.5
2025-02-17,28.8,34.25,31.2,32.25,34.3
2025-02-18,26.35,34.75,31.0,32.35,34.65
2025-02-19,27.0,33.4,31.05,28.3,34.0
2025-02-20,23.65,34.65,31.1,26.9,33.9
2025-02-21,25.05,36.65,31.1,29.0,32.8
2025-02-22,23.9,34.9,31.4,29.1,33.85
2025-02-23,25.05,35.7,32.4,27.7,33.15
2025-02-24,26.85,36.85,31.0,28.55,32.3
2025-02-25,28.1,37.45,31.3,28.9,31.75
2025-02-26,30.05,37.2,31.55,29.4,31.75
2025-02-27,23.4,35.75,31.2,29.95,32.35
2025-02-28,23.4,33.4,31.05,31.35,32.5
2025-03-01,24.05,33.65,30.8,34.35,32.8
2025-03-02,24.55,36.2,32.2,34.35,34.5
2025-03-03,26.9,36.15,32.95,33.9,35.6
2025-03-04,24.4,35.75,33.15,32.85,36.0
2025-03-05,22.75,36.8,34.45,32.4,33.65
2025-03-06,26.55,34.95,35.2,29.5,32.45
2025-03-07,28.4,36.9,33.05,30.85,33.35
2025-03-08,30.1,35.95,32.85,32.9,35.75
2025-03-09,31.75,35.6,31.15,33.65,34.65
2025-03-10,31.65,38.95,31.45,35.45,32.6
2025-03-11,34.35,37.4,30.0,34.5,33.6
2025-03-12,32.9,37.05,30.05,36.05,35.8
2025-03-13,32.0,34.2,33.25,37.1,37.6
2025-03-14,33.15,34.65,33.4,37.9,37.35
2025-03-15,30.3,35.45,33.95,39.05,37.4
2025-03-16,29.9,33.2,32.85,39.6,37.15
2025-03-17,28.25,33.5,33.95,37.15,37.6
2025-03-18,29.9,33.15,33.05,35.75,37.0
2025-03-19,32.3,32.3,33.35,36.85,36.05
2025-03-20,33.0,35.1,33.6,34.55,35.3
2025-03-21,31.95,32.4,33.15,34.55,35.8
2025-03-22,31.3,32.65,32.65,26.1,33.75
2025-03-23,32.7,33.8,32.85,28.9,32.25
2025-03-24,33.85,32.9,32.0,31.7,33.25
2025-03-25,36.4,33.15,32.6,33.25,34.5
2025-03-26,37.9,31.55,33.2,36.35,36.2
2025-03-27,36.2,30.75,35.9,37.9,37.45
2025-03-28,31.0,32.5,36.25,39.6,37.75
2025-03-29,28.85,36.2,37.1,38.2,37.6
2025-03-30,31.5,37.65,34.2,38.15,38.05
2025-03-31,33.85,37.05,32.7,37.3,37.0
2025-04-01,33.3,38.85,32.8,37.1,35.15
2025-04-02,35.65,37.4,32.9,37.85,32.8
2025-04-03,37.4,32.5,32.35,37.8,30.25
2025-04-04,36.95,33.25,30.3,33.6,30.55
2025-04-05,35.2,35.4,33.2,38.35,32.45
2025-04-06,38.05,35.7,34.25,37.5,34.5
2025-04-07,39.9,36.4,33.9,36.95,36.05
2025-04-08,39.9,36.55,33.6,36.2,35.6
2025-04-09,40.65,34.6,33.85,36.05,36.75
2025-04-10,38.9,33.2,37.35,35.5,37.1
2025-04-11,34.2,32.95,36.0,33.1,36.95
2025-04-12,34.8,32.25,38.8,37.7,37.1
2025-04-13,35.3,32.7,36.2,34.15,36.95
2025-04-14,35.6,36.4,34.5,34.0,36.9
2025-04-15,36.6,35.1,34.35,35.45,36.2
2025-04-16,38.15,32.95,34.1,34.85,36.15
2025-04-17,40.45,32.4,34.3,34.35,35.9
2025-04-18,40.8,32.3,36.15,31.7,37.2
2025-04-19,39.9,32.65,36.65,31.65,35.3
2025-04-20,40.0,33.0,36.65,36.2,37.85
2025-04-21,40.35,32.65,35.1,35.9,37.75
2025-04-22,39.45,34.3,34.65,36.55,38.5
2025-04-23,39.2,34.75,35.5,42.1,38.3
2025-04-24,40.35,33.35,35.2,38.3,38.7
2025-04-25,41.55,33.7,34.6,39.25,38.4
2025-04-26,41.45,33.25,34.15,37.5,37.55
2025-04-27,40.75,33.35,34.25,38.1,32.9
2025-04-28,41.05,32.8,33.65,31.15,36.95
2025-04-29,37.5,32.75,33.3,32.0,36.9
2025-04-30,36.75,33.05,35.55,31.3,38.4
2025-05-01,37.55,33.35,36.75,31.7,37.9
2025-05-02,28.55,34.5,35.6,30.85,38.7
2025-05-03,35.35,33.2,37.45,32.85,38.55
2025-05-04,34.8,32.9,38.1,31.4,38.5
2025-05-05,35.6,33.45,34.55,34.2,37.5
2025-05-06,34.4,32.85,37.55,34.55,36.8
2025-05-07,33.25,32.3,36.15,35.3,36.0
2025-05-08,32.35,29.4,36.9,38.15,35.2
2025-05-09,37.05,28.5,36.45,39.1,35.6
2025-05-10,37.1,30.85,36.95,39.6,36.45
2025-05-11,38.2,32.5,36.85,40.15,37.55
2025-05-12,39.55,33.6,38.95,40.0,37.0
2025-05-13,41.3,33.75,38.6,38.15,36.5
2025-05-14,41.2,33.25,36.9,37.85,36.9
2025-05-15,41.85,33.2,36.45,38.05,33.6
2025-05-16,42.7,33.75,36.2,36.8,35.45
2025-05-17,42.8,32.5,33.35,36.9,34.9
2025-05-18,42.1,34.4,33.3,33.9,35.2
2025-05-19,41.95,32.35,31.55,36.9,34.0
2025-05-20,42.55,34.35,31.55,36.1,34.45
2025-05-21,43.0,31.55,33.9,36.9,30.15
2025-05-22,37.0,31.75,34.05,33.15,30.75
2025-05-23,38.2,32.45,35.2,32.9,31.5
2025-05-24,37.7,32.1,35.9,33.45,31.05
2025-05-25,31.15,28.45,36.9,31.5,30.4
2025-05-26,35.65,27.8,34.0,31.0,28.75
2025-05-27,36.05,29.8,36.35,30.5,30.7
2025-05-28,39.5,27.8,37.4,30.7,28.0
2025-05-29,40.05,31.35,37.75,30.1,30.85
2025-05-30,36.1,31.5,36.0,33.55,32.2
2025-05-31,39.7,31.05,36.2,31.95,33.55
2025-06-01,37.3,29.2,37.35,31.55,32.95
2025-06-02,37.05,30.65,36.15,36.4,31.85
2025-06-03,34.6,30.15,38.25,35.65,31.8
2025-06-04,36.4,29.25,37.75,34.45,33.0
2025-06-05,37.15,30.2,37.3,32.7,32.5
2025-06-06,37.75,30.2,37.85,33.35,33.75
2025-06-07,41.15,29.65,38.05,34.6,35.35
2025-06-08,42.8,30.25,38.0,34.8,35.1
2025-06-09,43.65,30.75,37.2,34.9,28.6
2025-06-10,43.05,30.55,36.95,36.75,31.5
2025-06-11,43.55,31.75,35.95,35.6,30.1
2025-06-12,43.1,31.55,35.9,37.1,31.1
2025-06-13,41.1,30.5,35.7,36.35,32.05
2025-06-14,42.85,30.55,35.3,35.95,31.4
2025-06-15,37.9,29.6,34.55,31.6,30.9
2025-06-16,32.0,27.15,34.6,32.05,30.15
2025-06-17,33.7,29.45,37.1,29.1,31.8
2025-06-18,33.2,28.4,37.55,28.9,31.4
2025-06-19,32.7,28.4,37.35,30.9,31.55
2025-06-20,31.65,29.45,38.75,32.6,31.55
2025-06-21,34.7,30.05,37.85,33.9,32.45
2025-06-22,34.0,29.15,37.0,32.05,32.95
2025-06-23,35.65,28.3,34.05,31.7,31.7
2025-06-24,36.1,29.1,36.85,32.4,29.4
2025-06-25,32.1,30.0,35.8,31.5,28.85
2025-06-26,34.45,28.6,36.0,32.2,29.95
2025-06-27,33.65,28.75,37.45,31.55,30.4
2025-06-28,35.75,29.4,37.35,30.25,31.95
2025-06-29,33.35,28.85,39.7,30.6,32.0
2025-06-30,31.7,29.1,37.9,31.05,30.55
2025-07-01,33.15,28.8,37.2,30.65,27.95
2025-07-02,33.2,28.7,36.9,32.3,27.75
2025-07-03,33.45,28.25,33.0,31.15,27.65
2025-07-04,34.2,27.95,38.15,31.3,29.85
2025-07-05,35.2,27.5,37.25,31.35,29.9
2025-07-06,35.65,27.55,37.85,30.35,30.75
2025-07-07,33.2,28.55,38.35,28.9,28.85
2025-07-08,34.0,28.6,39.95,28.05,29.8
2025-07-09,31.65,27.45,37.5,30.35,29.85
2025-07-10,29.6,29.05,36.45,31.45,31.35
2025-07-11,31.55,28.0,37.55,31.6,31.6
2025-07-12,33.45,29.3,37.65,32.7,32.15
2025-07-13,32.5,28.45,35.05,30.95,32.0
2025-07-14,30.5,27.5,35.45,27.65,32.3
2025-07-15,32.15,27.6,37.15,30.75,31.15
2025-07-16,32.3,29.15,36.85,32.0,32.15
2025-07-17,31.05,29.3,34.5,32.65,31.25
2025-07-18,31.6,29.45,31.55,33.0,31.1
2025-07-19,32.2,28.3,31.1,33.3,30.2
2025-07-20,34.25,28.0,32.55,33.25,29.5
2025-07-21,31.45,28.05,29.95,33.25,30.3
2025-07-22,34.75,28.05,31.95,33.65,28.95
2025-07-23,33.2,27.95,29.55,34.3,27.55
2025-07-24,35.5,27.35,31.3,32.95,25.65
2025-07-25,36.3,27.15,31.75,30.75,26.55
2025-07-26,35.35,27.95,34.25,30.85,24.45
2025-07-27,36.25,28.15,34.85,32.85,29.3
2025-07-28,36.55,28.3,35.85,30.6,29.85
2025-07-29,32.85,27.55,37.3,28.95,29.55
2025-07-30,31.55,27.2,37.3,29.6,28.45
2025-07-31,31.45,27.6,36.2,30.0,29.3
2025-08-01,31.95,28.4,35.1,32.0,30.3
2025-08-02,32.4,28.3,35.8,32.2,30.75
2025-08-03,33.05,28.15,34.75,32.4,30.7
2025-08-04,30.95,28.65,33.35,31.8,31.05
2025-08-05,30.05,28.9,32.9,32.4,29.6
2025-08-06,32.05,29.25,33.65,30.1,31.45
2025-08-07,33.9,27.9,33.0,31.75,30.0
2025-08-08,33.05,28.1,31.35,30.75,29.45
2025-08-09,30.5,28.5,30.95,31.75,28.1
2025-08-10,32.1,28.1,33.45,32.9,28.45
2025-08-11,33.85,28.2,33.1,32.65,28.55
2025-08-12,33.25,28.6,30.15,33.6,28.45
2025-08-13,33.35,28.25,29.05,31.25,26.25
2025-08-14,29.55,27.2,32.8,30.5,27.4
2025-08-15,31.65,27.2,32.7,31.6,27.6
2025-08-16,31.15,26.45,30.6,32.15,26.85
2025-08-17,31.95,28.05,29.55,32.05,26.6
2025-08-18,31.8,25.95,30.3,31.7,25.7
2025-08-19,31.9,26.2,31.1,30.05,26.85
2025-08-20,32.65,26.5,33.8,30.05,27.45
2025-08-21,33.55,27.95,33.75,29.15,29.4
2025-08-22,34.2,28.2,33.9,30.0,28.85
2025-08-23,32.6,28.3,30.25,28.45,28.8
2025-08-24,31.1,28.5,34.0,30.55,29.15
2025-08-25,29.0,26.8,34.45,31.8,29.35
2025-08-26,29.85,27.8,34.15,31.95,26.7
2025-08-27,32.55,28.35,33.75,31.8,26.7
2025-08-28,32.4,28.3,34.5,31.1,26.45
2025-08-29,31.25,27.95,34.85,30.2,28.6
2025-08-30,31.75,28.4,36.8,30.25,29.55
2025-08-31,30.0,27.65,34.6,32.3,27.95
2025-09-01,29.2,27.8,31.35,33.75,27.85
2025-09-02,26.95,28.25,36.0,30.25,27.0
2025-09-03,29.35,28.7,35.8,29.2,28.75
2025-09-04,31.4,26.15,35.9,30.45,29.35
2025-09-05,31.0,27.35,36.75,32.35,29.05
2025-09-06,31.2,26.45,34.4,32.55,28.85
2025-09-07,31.9,28.1,35.35,33.05,29.3
2025-09-08,31.95,27.8,35.1,32.9,30.0
2025-09-09,32.35,28.9,35.2,33.65,31.8
2025-09-10,33.15,29.45,36.15,34.65,30.65
2025-09-11,32.8,28.9,33.2,34.45,26.65
2025-09-12,33.5,29.3,34.25,33.0,25.65
2025-09-13,35.25,28.6,32.85,30.55,27.2
2025-09-14,36.5,29.05,31.7,31.65,29.25
2025-09-15,36.4,27.1,33.85,29.25,28.9
2025-09-16,36.75,27.75,32.15,30.1,29.4
2025-09-17,36.4,28.2,31.25,31.0,28.75
2025-09-18,34.9,27.8,32.35,32.35,30.0
2025-09-19,35.45,28.2,30.4,31.0,30.3
2025-09-20,36.2,29.0,31.1,32.45,30.0
2025-09-21,36.35,28.6,31.2,32.5,29.65
2025-09-22,36.85,28.3,32.35,29.85,28.4
2025-09-23,36.7,28.7,31.95,30.3,28.65
2025-09-24,36.05,28.6,32.75,31.2,28.3
2025-09-25,36.2,28.1,33.75,33.45,25.65
2025-09-26,36.95,29.1,33.25,31.6,27.65
2025-09-27,38.7,28.25,33.75,30.0,25.05
2025-09-28,36.5,26.45,33.65,32.15,27.05
2025-09-29,36.25,28.3,33.25,32.55,29.15
2025-09-30,34.75,27.55,30.95,32.65,28.4
2025-10-01,33.5,28.5,31.85,32.4,29.15
2025-10-02,32.4,27.9,32.8,27.9,27.85
2025-10-03,33.55,28.65,33.05,30.3,29.7
2025-10-04,34.6,28.8,31.55,31.7,29.7
2025-10-05,33.9,28.1,33.0,30.2,29.55
2025-10-06,29.15,28.35,32.7,29.45,29.55
2025-10-07,28.5,28.85,31.4,31.2,28.45
2025-10-08,25.7,29.35,31.65,30.9,30.4
2025-10-09,28.2,31.6,31.55,31.6,29.2
2025-10-10,28.45,32.95,30.4,31.65,30.65
2025-10-11,29.0,33.8,31.15,30.65,30.8
2025-10-12,30.65,34.8,30.7,31.4,31.35
2025-10-13,31.7,34.45,31.75,31.05,28.1
2025-10-14,31.95,35.15,30.85,31.9,28.85
2025-10-15,31.85,34.9,28.15,32.85,29.7
2025-10-16,31.65,34.95,29.15,32.75,30.95
2025-10-17,32.25,36.05,28.25,34.2,31.15
2025-10-18,33.15,35.65,27.35,34.35,31.7
2025-10-19,33.6,35.15,28.7,35.2,31.05
2025-10-20,33.1,35.05,28.2,35.55,29.75
2025-10-21,30.35,34.35,26.6,34.7,30.4
2025-10-22,32.05,33.9,29.0,33.75,29.8
2025-10-23,31.75,34.55,29.75,33.9,26.7
2025-10-24,32.15,33.0,27.2,34.55,25.65
2025-10-25,31.7,30.15,28.2,34.2,26.95
2025-10-26,31.55,26.75,29.85,34.45,27.95
2025-10-27,30.25,30.4,26.35,34.75,28.8
2025-10-28,26.6,31.7,25.9,33.95,27.8
2025-10-29,29.2,30.85,32.35,28.5,23.75
2025-10-30,27.3,28.65,32.75,30.15,28.4
2025-10-31,30.3,29.15,33.15,31.65,28.5
2025-11-01,30.85,28.4,31.85,30.6,28.7
2025-11-02,29.35,27.6,31.95,28.55,29.1
2025-11-03,30.45,28.65,32.5,29.9,28.8
2025-11-04,28.65,28.1,31.9,29.85,28.2
2025-11-05,29.45,28.55,31.2,30.05,29.65
2025-11-06,26.05,29.1,29.9,30.2,28.7
2025-11-07,27.25,31.4,31.0,30.75,29.45
2025-11-08,26.75,33.35,31.9,30.45,28.85
2025-11-09,26.8,31.4,30.8,29.5,28.0
2025-11-10,26.95,32.15,30.45,29.95,28.75
2025-11-11,27.35,32.05,31.35,29.05,29.25
2025-11-12,27.45,32.8,30.8,28.2,29.5
2025-11-13,26.25,33.35,29.5,28.35,29.0
2025-11-14,26.0,33.1,29.95,28.35,28.15
2025-11-15,26.55,33.15,30.65,28.4,27.8
2025-11-16,26.8,33.1,28.55,28.25,27.85
2025-11-17,26.0,32.4,26.75,28.4,27.65
2025-11-18,25.8,32.25,27.6,29.7,29.1
2025-11-19,26.0,32.8,29.0,30.55,28.95
2025-11-20,26.05,32.9,28.15,30.05,28.9
2025-11-21,26.15,33.8,28.8,29.6,29.65
2025-11-22,26.15,33.25,29.1,29.15,30.45
2025-11-23,25.9,32.65,28.65,29.15,31.2
2025-11-24,25.0,32.85,28.25,28.55,30.15
2025-11-25,23.95,32.95,28.2,27.55,29.3
2025-11-26,23.85,32.6,28.15,27.45,29.0
2025-11-27,24.4,33.65,28.15,28.55,28.5
2025-11-28,25.2,33.25,28.2,28.55,28.1
2025-11-29,25.9,32.9,27.8,28.5,27.0
2025-11-30,23.55,32.0,25.9,28.5,26.9
2025-12-01,24.3,32.5,25.4,28.0,28.25
2025-12-02,25.2,32.25,25.1,28.4,28.8
2025-12-03,22.85,33.3,26.3,27.45,28.45
2025-12-04,21.85,33.65,27.45,26.85,28.4
2025-12-05,21.8,34.1,28.45,27.05,28.2
2025-12-06,23.55,32.95,28.6,25.95,28.3
2025-12-07,24.1,33.55,27.5,26.25,29.1
2025-12-08,25.2,33.7,27.3,26.1,28.85
2025-12-09,24.45,33.1,28.15,26.55,28.75
2025-12-10,24.05,33.25,27.3,26.8,28.6
2025-12-11,24.65,33.0,28.05,26.45,28.25
2025-12-12,24.35,32.35,27.25,26.45,28.15
2025-12-13,24.5,33.0,27.6,26.7,28.3
2025-12-14,24.15,32.4,28.05,27.85,28.25
2025-12-15,23.3,32.55,28.4,27.3,27.7
2025-12-16,23.3,32.85,27.3,26.35,27.85
2025-12-17,23.75,33.1,28.25,26.1,29.2
2025-12-18,22.5,33.1,27.95,27.65,28.95
2025-12-19,21.9,33.2,28.7,27.4,27.45
2025-12-20,21.8,33.1,29.0,24.6,27.3
2025-12-21,20.35,32.4,29.1,25.15,26.95
2025-12-22,21.3,31.65,29.05,25.65,27.5
2025-12-23,23.05,32.35,28.65,25.0,27.45
2025-12-24,21.1,32.2,28.8,24.55,27.05
2025-12-25,20.95,31.55,27.5,22.7,26.75
2025-12-26,21.05,31.3,28.2,22.85,26.55
2025-12-27,20.45,31.95,28.9,23.4,26.9
2025-12-28,20.5,31.5,28.45,22.8,26.8
2025-12-29,19.85,31.2,28.0,21.4,26.55
2025-12-30,20.4,29.35,28.75,20.5,28.0
2025-12-31,19.4,28.8,28.95,21.85,28.3
2026-01-01,16.9,28.0,26.35,24.0,29.05
2026-01-02,17.45,28.45,27.75,24.55,28.9
2026-01-03,17.05,30.25,28.1,24.25,27.55
2026-01-04,17.05,30.35,27.95,23.1,26.65
2026-01-05,17.2,31.65,28.1,20.2,26.8
2026-01-06,17.05,31.4,27.85,20.1,26.6
2026-01-07,15.4,31.05,27.45,23.05,26.55
2026-01-08,14.4,30.5,27.9,22.95,26.0
2026-01-09,17.3,31.4,26.15,23.4,25.3
2026-01-10,17.05,30.15,25.95,22.8,25.45
2026-01-11,16.35,31.55,24.65,24.35,25.55
2026-01-12,17.2,32.15,26.5,24.5,26.55
2026-01-13,18.5,31.4,27.7,24.65,29.5
2026-01-14,17.4,31.1,27.75,24.2,29.6
2026-01-15,17.9,29.75,27.9,23.5,28.75
2026-01-16,20.5,30.05,27.6,24.45,28.65
2026-01-17,22.6,29.65,27.95,24.95,29.6
2026-01-18,22.0,26.55,28.35,26.4,30.15
2026-01-19,25.05,27.7,28.15,27.85,29.7
2026-01-20,24.25,28.15,28.0,29.05,28.4
2026-01-21,23.2,31.0,28.0,28.75,27.2
2026-01-22,25.0,30.2,28.55,26.9,26.95
2026-01-23,17.45,28.1,27.45,26.7,26.8
2026-01-24,16.35,28.75,26.55,27.55,28.15
2026-01-25,16.45,30.05,24.95,28.15,28.6
2026-01-26,18.8,30.95,27.2,28.1,28.7
2026-01-27,19.7,27.55,27.0,26.9,28.65
2026-01-28,18.35,29.75,27.0,28.35,30.1
2026-01-29,18.4,32.45,26.9,28.4,29.2
2026-01-30,19.5,31.55,27.05,27.3,28.55
2026-01-31,19.9,28.8,28.45,27.1,27.65
2026-02-01,20.8,31.75,28.6,27.0,27.65
2026-02-02,19.7,33.2,27.85,27.4,28.15
2026-02-03,19.6,32.25,28.4,28.15,28.05
2026-02-04,20.2,33.75,29.0,28.65,28.15
2026-02-05,21.25,33.85,29.25,28.25,28.4
2026-02-06,22.6,33.65,28.85,26.7,28.75
2026-02-07,23.6,33.25,29.55,26.25,29.35
2026-02-08,22.75,33.5,29.55,27.25,29.55
2026-02-09,24.0,31.1,29.0,27.25,30.05
2026-02-10,27.15,30.5,28.6,28.35,29.95
2026-02-11,27.05,33.85,28.0,30.0,29.45
2026-02-12,25.05,32.7,28.35,29.3,29.6
2026-02-13,25.45,33.05,29.0,28.8,30.2
2026-02-14,26.9,34.55,29.35,29.2,30.45
2026-02-15,28.1,34.45,29.9,29.7,31.15
2026-02-16,30.3,31.95,29.55,29.5,30.7
2026-02-17,29.2,30.3,28.4,30.2,29.95
2026-02-18,23.9,28.5,28.3,31.1,29.4
2026-02-19,26.3,30.4,29.65,31.75,30.0
2026-02-20,27.85,32.65,30.2,32.1,31.0
2026-02-21,27.2,35.8,29.35,32.25,31.5
2026-02-22,28.4,34.15,30.2,32.75,31.9
2026-02-23,29.4,33.95,30.8,32.4,31.35
2026-02-24,29.6,32.5,30.8,27.15,28.9
2026-02-25,29.0,31.85,31.15,29.0,29.0
2026-02-26,29.7,29.75,32.3,29.05,29.65
2026-02-27,30.8,29.75,32.25,29.1,30.4
2026-02-28,31.85,30.2,32.45,31.7,31.55
2026-03-01,30.6,30.25,32.75,33.65,32.65
2026-03-02,30.75,30.35,32.35,32.85,34.1
2026-03-03,31.35,34.2,31.8,33.0,34.1
2026-03-04,33.15,38.05,32.1,32.45,33.6
2026-03-05,33.95,37.95,35.0,33.65,34.45
2026-03-06,34.5,34.6,35.4,33.75,35.1
2026-03-07,35.25,32.2,33.2,31.3,35.25
2026-03-08,35.75,35.5,32.6,31.15,34.45
2026-03-09,35.45,38.8,30.3,32.7,33.7
2026-03-10,35.45,39.75,30.05,30.65,32.45
2026-03-11,36.3,33.2,31.8,32.1,34.3
2026-03-12,35.9,34.0,32.15,30.7,35.3
2026-03-13,32.5,37.65,31.7,35.5,36.05
2026-03-14,33.05,33.65,32.9,35.25,35.5
2026-03-15,27.3,31.8,32.2,32.6,33.9
2026-03-16,30.8,31.45,31.6,34.35,33.35
2026-03-17,31.5,31.05,32.2,32.3,30.95
2026-03-18,32.15,30.8,31.55,32.3,27.75
2026-03-19,27.1,30.4,30.9,34.2,30.35
2026-03-20,20.6,30.95,32.0,30.25,30.75
2026-03-21,25.45,33.85,31.75,25.05,32.5
2026-03-22,27.05,35.85,32.55,27.0,31.35
2026-03-23,26.9,36.25,32.1,30.1,34.0
2026-03-24,29.65,35.75,32.05,33.25,33.7
2026-03-25,31.45,34.05,32.8,33.8,33.45
2026-03-26,34.8,35.45,32.2,34.9,35.1
2026-03-27,29.3,36.8,32.9,37.7,35.45
2026-03-28,33.0,31.85,35.2,32.25,35.15
2026-03-29,35.0,31.25,33.95,33.15,36.55
2026-03-30,34.7,32.7,33.3,31.45,36.25
2026-03-31,34.95,32.45,32.5,30.95,32.0
2026-04-01,33.05,31.05,32.8,35.75,33.5
2026-04-02,34.25,31.55,33.25,37.3,33.45
2026-04-03,32.05,32.45,33.2,37.95,34.9
2026-04-04,30.3,32.05,35.05,37.95,34.6
2026-04-05,29.25,30.15,36.45,31.55,33.85
2026-04-06,31.65,30.65,33.3,33.05,34.7
2026-04-07,28.75,31.4,34.45,31.75,34.55
2026-04-08,25.5,31.65,34.1,31.05,35.55
2026-04-09,28.65,31.85,34.3,27.45,36.3
2026-04-10,31.2,33.4,34.05,31.45,36.75
2026-04-11,32.9,33.45,35.15,32.8,37.9
2026-04-12,34.2,34.65,34.4,34.7,38.25
2026-04-13,34.55,32.2,34.9,35.5,37.35
2026-04-14,37.5,34.75,35.05,37.45,38.35
2026-04-15,38.7,34.0,35.85,37.65,38.55
2026-04-16,39.85,32.45,34.85,35.3,38.4
2026-04-17,40.15,32.55,34.95,34.55,39.45
2026-04-18,40.2,34.25,34.85,34.9,38.95
2026-04-19,40.1,34.25,35.35,35.65,38.25
2026-04-20,39.55,35.05,35.1,37.4,37.1
2026-04-21,38.6,35.4,36.45,37.95,36.55
2026-04-22,40.3,33.85,34.65,37.95,37.75
2026-04-23,41.15,36.1,34.8,37.95,37.3
2026-04-24,42.0,37.25,34.95,38.3,37.65
2026-04-25,42.25,37.25,35.1,37.65,38.2
2026-04-26,41.55,34.7,34.7,35.3,37.7
2026-04-27,42.15,32.8,36.0,35.05,39.1
2026-04-28,37.05,33.3,36.7,36.1,39.3
2026-04-29,37.05,33.05,36.25,33.1,39.35
2026-04-30,37.7,32.65,38.15,30.35,38.85
2026-05-01,36.55,32.45,36.65,29.5,37.9
2026-05-02,36.05,32.65,36.95,33.95,38.85
2026-05-03,34.75,32.9,38.5,30.9,38.75
2026-05-04,29.75,32.9,37.45,32.7,38.8
2026-05-05,30.5,33.0,34.35,30.0,38.2
2026-05-06,34.65,32.95,31.45,32.1,35.75
2026-05-07,30.45,33.8,33.9,30.65,35.2
2026-05-08,34.4,35.1,30.9,32.2,34.8
2026-05-09,35.45,36.25,30.6,32.25,34.7
2026-05-10,38.0,35.95,31.5,31.55,36.4
